"Commodity_ID","Country_Name","HS_Code","HS_suffix","HS_version","Target_Code","description","short_description","CommodityClass_Name","CommodityClass_Code","Shared_Group_Code"
70,,"220710",,"none","220710","Undenatured ethyl alcohol of an alcoholic strength by volume of 80 % vol. or higher","Undenatured ethyl alcohol of an alcoholic strength of 80% vol or higher","Ethanol",5,"none"
71,,"220720",,"none","220720","Ethyl alcohol and Other spirits, denatured, of any strength","Ethyl alcohol and other spirits, denatured, of any strength","Ethanol",5,"none"
82,,"382600",,"none","382600","Biodiesel and mixtures thereof, not containing or containing less than 70 % by weight of petroleum oils or oils obtained from bituminous minerals","Biodiesel and mixtures thereof","Biodiesel",6,"none"
154,"Argentina","22071000","1","HS2007","22071000","Undenatured ethyl alcohol of an alcoholic strength by volume of 80 % vol. or higher","Undenatured ethyl alcohol of an alcoholic strength of 80% vol or higher","Ethanol",5,"none"
155,"Argentina","22071000","2","HS2007","22071000","Undenatured ethyl alcohol of an alcoholic strength by volume of 80 % vol. or higher","Undenatured ethyl alcohol of an alcoholic strength of 80% vol or higher","Ethanol",5,"none"
156,"Argentina","22072010","1","HS2007","22072010","Ethyl alcohol and Other spirits, denatured, of any strength","Ethyl alcohol and other spirits, denatured, of any strength","Ethanol",5,"none"
157,"Argentina","22072010","2","HS2007","22072010","Ethyl alcohol and Other spirits, denatured, of any strength","Ethyl alcohol and other spirits, denatured, of any strength","Ethanol",5,"none"
166,"Argentina","38249089",,"HS2007","38249089","Prepared binders for foundry moulds or cores; chemical products and preparations of the chemical or allied industries (including those consisting of mixtures of natural products), not elsewhere specified or included- Other-Los demás","Prepared binders for foundry moulds or cores. (-) Los demás","Biodiesel",6,"none"
167,"Argentina","none",,"none","BF167","Biodiesel","Biodiesel","Biodiesel",6,"none"
168,"Argentina","none",,"none","BF168","Bioethanol","Bioethanol","Ethanol",5,"none"
206,"Australia","22071000",,"HS2012","22071000","Undenatured ethyl alcohol of an alcoholic strength by volume of 80 % vol. or higher","Undenatured ethyl alcohol of an alcoholic strength of 80% vol or higher","Ethanol",5,"none"
207,"Australia","22072010",,"HS2012","22072010","Ethyl alcohol and Other spirits, denatured, of any strength----Ethanol for use as fuel in an internal combustion engine","(-) Ethanol for use as fuel in an internal combustion engine","Ethanol",5,"none"
212,"Australia","38260010",,"HS2012","38260010","Biodiesel and mixtures thereof, not containing or containing less than 70 % by weight of petroleum oils or oils obtained from bituminous minerals----Biodiesel, other than goods of 2710 or 3826.00.20","(-) Biodiesel, other than goods of 2710 or 3826.00.20","Biodiesel",6,"none"
213,"Australia","38260020",,"HS2012","38260020","Biodiesel and mixtures thereof, not containing or containing less than 70 % by weight of petroleum oils or oils obtained from bituminous minerals----Mixtures of biodiesel and other substances, not being blends classified to 2710","(-) Mixtures of biodiesel and other substances, not being blends classified to 2710","Biodiesel",6,"none"
214,"Australia","none",,"none","BF214","Biodiesel","Biodiesel","Biodiesel",6,"none"
215,"Australia","none",,"none","BF215","Ethanol","Ethanol","Ethanol",5,"none"
300,"Brazil","22071000",,"none","22071000","Undenatured ethyl alcohol of an alcoholic strength by volume of 80 % vol. or higher","Undenatured ethyl alcohol of an alcoholic strength of 80% vol or higher","Ethanol",5,"none"
301,"Brazil","22071010",,"HS2012","22071010","Undenatured ethyl alcohol of an alcoholic strength by volume of 80 % vol. or higher","Undenatured ethyl alcohol of an alcoholic strength of 80% vol or higher","Ethanol",5,"none"
302,"Brazil","22071090",,"HS2012","22071090","Undenatured ethyl alcohol of an alcoholic strength by volume of 80 % vol. or higher","Undenatured ethyl alcohol of an alcoholic strength of 80% vol or higher","Ethanol",5,"none"
303,"Brazil","22072010",,"none","22072010","Ethyl alcohol and Other spirits, denatured, of any strength","Ethyl alcohol and other spirits, denatured, of any strength","Ethanol",5,"none"
304,"Brazil","22072011",,"HS2012","22072011","Ethyl alcohol and Other spirits, denatured, of any strength","Ethyl alcohol and other spirits, denatured, of any strength","Ethanol",5,"none"
305,"Brazil","22072019",,"HS2012","22072019","Ethyl alcohol and Other spirits, denatured, of any strength","Ethyl alcohol and other spirits, denatured, of any strength","Ethanol",5,"none"
306,"Brazil","22072020",,"HS2012","22072020","Ethyl alcohol and Other spirits, denatured, of any strength","Ethyl alcohol and other spirits, denatured, of any strength","Ethanol",5,"none"
317,"Brazil","38260000",,"HS2012","38260000","Biodiesel and mixtures thereof, not containing or containing less than 70 % by weight of petroleum oils or oils obtained from bituminous minerals","Biodiesel and mixtures thereof","Biodiesel",6,"none"
318,"Brazil","none",,"none","BF318","Biodiesel","Biodiesel","Biodiesel",6,"none"
319,"Brazil","none",,"none","BF319","Biodiesel, combustível composto de alquil ésteres de ácidos carboxílicos de cadeia longa, produzido a partir da transesterificação e ou/esterificação de matérias graxas, de gorduras de origem vegetal ou animal, e que atenda a especificação contida no Regu","Biodiesel","Biodiesel",6,"none"
321,"Brazil","none",,"none","BF321","Ethanol","Ethanol","Ethanol",5,"none"
474,"Canada","22071090",,"HS2012","22071090","Undenatured ethyl alcohol of an alcoholic strength by volume of 80 % vol. or higher-Other","Undenatured ethyl alcohol of an alcoholic strength of 80% vol or higher","Ethanol",5,"none"
475,"Canada","22072011",,"HS2012","22072011","Ethyl alcohol and Other spirits, denatured, of any strength-Ethyl alcohol: Specially denatured alcohol, within the meaning of the Excise Act, 2001","(-) Ethyl alcohol specially denatured, within the meaning of the Excise Act, 2001","Ethanol",5,"none"
476,"Canada","22072012",,"HS2012","22072012","Ethyl alcohol and Other spirits, denatured, of any strength-Ethyl alcohol: Denatured alcohol, within the meaning of the Excise Act, 2001","(-) Ethyl alcohol, denatured within the meaning of the Excise Act, 2001","Ethanol",5,"none"
477,"Canada","22072019",,"HS2012","22072019","Ethyl alcohol and Other spirits, denatured, of any strength-Ethyl alcohol: Other","(-) Ethyl alcohol ","Ethanol",5,"none"
478,"Canada","22072090",,"HS2012","22072090","Ethyl alcohol and Other spirits, denatured, of any strength-Other","Ethyl alcohol and other spirits, denatured, of any strength","Ethanol",5,"none"
485,"Canada","38260000",,"HS2012","38260000","Biodiesel and mixtures thereof, not containing or containing less than 70 % by weight of petroleum oils or oils obtained from bituminous minerals","Biodiesel and mixtures thereof","Biodiesel",6,"none"
486,"Canada","none",,"none","BF486","Biodiesel","Biodiesel","Biodiesel",6,"none"
487,"Canada","none",,"none","BF487","Biodiesel, B100. Oxygenated ester- or ether-based fuel derived from vegetable oils or animal fats","Biodiesel, B100","Biodiesel",6,"none"
488,"Canada","none",,"none","BF488","Cellulosic ethanol","Cellulosic ethanol","Ethanol",5,"none"
490,"Canada","none",,"none","BF490","Ethanol","Ethanol","Ethanol",5,"none"
491,"Canada","none",,"none","BF491","Ethanol 1st generation","Ethanol 1st generation","Ethanol",5,"none"
492,"Canada","none",,"none","BF492","Ethanol 2nd generation","Ethanol 2nd generation","Ethanol",5,"none"
493,"Canada","none",,"none","BF493","Renewable diesel","Renewable diesel","Biodiesel",6,"none"
600,"China","22071000",,"HS2007","22071000","Undenatured ethyl alcohol of an alcoholic strength by volume of 80 % vol. or higher","Undenatured ethyl alcohol of an alcoholic strength of 80% vol or higher","Ethanol",5,"none"
601,"China","2207100000",,"none","2207100000","Undenatured ethyl alcohol of an alcoholic strength by volume of 80 % vol. or higher","Undenatured ethyl alcohol of an alcoholic strength of 80% vol or higher","Ethanol",5,"none"
602,"China","22072000",,"HS2007","22072000","Ethyl alcohol and Other spirits, denatured, of any strength","Ethyl alcohol and other spirits, denatured, of any strength","Ethanol",5,"none"
603,"China","2207200010",,"none","2207200010","Ethyl alcohol and Other spirits, denatured, of any strength. Modified ethanol","(-) Modified ethanol","Ethanol",5,"none"
604,"China","2207200090",,"none","2207200090","Ethyl alcohol and Other spirits, denatured, of any strength. All other types of alcohol","Ethyl alcohol and other spirits, denatured, of any strength","Ethanol",5,"none"
610,"China","38249010",,"HS2007","38249010","Prepared binders for foundry moulds or cores; chemical products and preparations of the chemical or allied industries (including those consisting of mixtures of natural products), not elsewhere specified or included- Other-- - - Fusel oil","(-) Fusel oil","Biodiesel",6,"none"
611,"China","3824901000",,"none","3824901000","Prepared binders for foundry moulds or cores; chemical products and preparations of the chemical or allied industries (including those consisting of mixtures of natural products), not elsewhere specified or included- Other---fusel oil","(-) Fusel oil","Biodiesel",6,"none"
612,"China","38249030",,"HS2007","38249030","Prepared binders for foundry moulds or cores; chemical products and preparations of the chemical or allied industries (including those consisting of mixtures of natural products), not elsewhere specified or included- Other-- - - Carburetant","Prepared binders for foundry moulds or cores.(-) Carburetant","Biodiesel",6,"none"
613,"China","3824903000",,"none","3824903000","Prepared binders for foundry moulds or cores; chemical products and preparations of the chemical or allied industries (including those consisting of mixtures of natural products), not elsewhere specified or included- Other---Carburetant","Prepared binders for foundry moulds or cores.(-) Carburetant","Biodiesel",6,"none"
614,"China","none",,"none","BF614","Biodiesel. (i) Waste animal oil and vegetable oil shall account for at least 70% of the raw production materials; (ii) The pure biodiesel produced shall meet the national standards of the 'Biodiesel Blend Stock (BD 100) for Diesel Engine Fuels'.","Biodiesel","Biodiesel",6,"none"
617,"China","none",,"none","BF617","Ethanol","Ethanol","Ethanol",5,"none"
618,"China","none",,"none","BF618","Grain-based ethanol","Grain-based ethanol","Ethanol",5,"none"
677,"Egypt","2207109000",,"HS2007","2207109000","Undenatured ethyl alcohol of an alcoholic strength by volume of 80 % vol or higher, not pharmacopoeial.","Undenatured ethyl alcohol of an alcoholic strength of 80% vol or higher, not pharmacopoeial","Ethanol",5,"none"
683,"Egypt","3824900090",,"HS2007","3824900090","Prepared binders for foundry moulds or cores; chemical products and preparations of the chemical or allied industries (including those consisting of mixtures of natural products), not elsewhere specified or included- Other-Other articles including to head","(-) Articles including to heading 38.24 (including mixtures of other natural products not mentioned or included in anything)","Biodiesel",6,"none"
897,"European Union","22071000",,"HS2012","22071000","Undenatured ethyl alcohol of an alcoholic strength by volume of 80 % vol. or higher","Undenatured ethyl alcohol of an alcoholic strength of 80% vol or higher","Ethanol",5,"none"
898,"European Union","22072000",,"HS2012","22072000","Ethyl alcohol and Other spirits, denatured, of any strength","Ethyl alcohol and other spirits, denatured, of any strength","Ethanol",5,"none"
929,"European Union","3824909110",,"none","3824909110","Fatty-acid monoalkyl esters and/or paraffinic gasoils from synthesis and/or hydro-treatment, of non-fossil origin (commonly known as ‘biodiesel’), whether in pure form or in a blend","Fatty-acid monoalkyl esters and/or paraffinic gasoils of non-fossil origin (commonly known as ‘biodiesel’)","Biodiesel",6,"none"
930,"European Union","3824909701",,"none","3824909701","Fatty-acid monoalkyl esters and/or paraffinic gasoils from synthesis and/or hydro-treatment, of non-fossil origin (commonly known as ‘biodiesel’), whether in pure form or in a blend","Fatty-acid monoalkyl esters and/or paraffinic gasoils of non-fossil origin (commonly known as ‘biodiesel’)","Biodiesel",6,"none"
931,"European Union","38260010",,"HS2012","38260010","Biodiesel and mixtures thereof, not containing or containing less than 70 % by weight of petroleum oils or oils obtained from bituminous minerals-- Fatty-acid mono-alkyl esters, containing by volume 96,5 % or more of esters (FAMAE)","(-) Fatty-acid mono-alkyl esters, containing by volume 96,5% or more of esters (FAMAE)","Biodiesel",6,"none"
932,"European Union","3826001000",,"none","3826001000","Biodiesel and mixtures thereof, not containing or containing less than 70% by weight of petroleum oils or oils obtained from bituminous minerals","Biodiesel and mixtures thereof","Biodiesel",6,"none"
933,"European Union","38260090",,"HS2012","38260090","Biodiesel and mixtures thereof, not containing or containing less than 70 % by weight of petroleum oils or oils obtained from bituminous minerals-- Other","Biodiesel and mixtures thereof","Biodiesel",6,"none"
934,"European Union","3826009011",,"none","3826009011","Biodiesel and mixtures thereof, not containing or containing less than 70 % by weight of petroleum oils or oils obtained from bituminous minerals - Other -- Blends containing by weight more than 20 % of fatty-acid mono-alkyl esters or of a mixture of fatt","(-) Blends containing by weight more than 20% of fatty-acid mono-alkyl esters or of a mixture of fatty-acid mono-alkyl esters and paraffinic gasoil obtained from synthesis and/or hydro-treatment, of non-fossil origin. From Canada","Biodiesel",6,"none"
935,"European Union","3826009019",,"none","3826009019","Biodiesel and mixtures thereof, not containing or containing less than 70 % by weight of petroleum oils or oils obtained from bituminous minerals - Other -- Blends containing by weight more than 20 % of fatty-acid mono-alkyl esters or of a mixture of fatt","(-) Blends containing by weight more than 20% of fatty-acid mono-alkyl esters or of a mixture of fatty-acid mono-alkyl esters and paraffinic gasoil obtained from synthesis and/or hydro-treatment, of non-fossil origin","Biodiesel",6,"none"
936,"European Union","3826009030",,"none","3826009030","Biodiesel and mixtures thereof, not containing or containing less than 70 % by weight of petroleum oils or oils obtained from bituminous minerals - Other -- Blends containing by weight more than 20 % of fatty-acid mono-alkyl esters or of a mixture of fatt","(-) Blends containing by weight 20% or less of fatty-acid mono-alkyl esters or of a mixture of fatty-acid mono-alkyl esters and paraffinic gasoil obtained from synthesis and/or hydro-treatment, of non-fossil origin","Biodiesel",6,"none"
937,"European Union","none",,"none","BF937","Biodiesel","Biodiesel","Biodiesel",6,"none"
938,"European Union","none",,"none","BF938","Biofuel","Biofuel","Biofuel",7,"none"
945,"European Union","none",,"none","BF945","Ethanol","Ethanol","Ethanol",5,"none"
957,"France","22071000",,"none","22071000","Undenatured ethyl alcohol of an alcoholic strength by volume of 80 % vol. or higher","Undenatured ethyl alcohol of an alcoholic strength of 80% vol or higher","Ethanol",5,"none"
958,"France","22072000",,"none","22072000","Ethyl alcohol and Other spirits, denatured, of any strength","Ethyl alcohol and other spirits, denatured, of any strength","Ethanol",5,"none"
959,"France","38260010",,"none","38260010","Biodiesel and mixtures thereof, not containing or containing less than 70 % by weight of petroleum oils or oils obtained from bituminous minerals - Fatty-acid mono-alkyl esters, containing by volume 96,5 % or more of esters (FAMAE)","(-) Fatty-acid mono-alkyl esters, containing by volume 96,5% or more of esters (FAMAE)","Biodiesel",6,"none"
960,"France","none",,"none","BF960","Biodiesel","Biodiesel","Biodiesel",6,"none"
961,"France","none",,"none","BF961","Biofuel","Biofuel","Biofuel",7,"none"
962,"France","none",,"none","BF962","Ethanol","Ethanol","Ethanol",5,"none"
963,"Germany","none",,"none","BF963","Biodiesel","Biodiesel","Biodiesel",6,"none"
964,"Germany","none",,"none","BF964","Biodiesel, Fettsäuremethylester (FAME-fatty acid methyl ester)","Biodiesel","Biodiesel",6,"none"
965,"Germany","none",,"none","BF965","Biofuel","Biofuel","Biofuel",7,"none"
966,"Germany","none",,"none","BF966","Ethanol, E70 and higher blends","Ethanol, E70 and higher blends","Ethanol",5,"none"
1020,"India","22071019",,"HS2012","22071019","Undenatured ethyl alcohol of an alcoholic strength by volume of 80 % vol. or higher-Other","Undenatured ethyl alcohol of an alcoholic strength of 80% vol or higher","Ethanol",5,"none"
1021,"India","22071090",,"HS2012","22071090","Undenatured ethyl alcohol of an alcoholic strength by volume of 80 % vol. or higher-Other","Undenatured ethyl alcohol of an alcoholic strength of 80% vol or higher","Ethanol",5,"none"
1022,"India","22072000",,"HS2012","22072000","Ethyl alcohol and Other spirits, denatured, of any strength","Ethyl alcohol and other spirits, denatured, of any strength","Ethanol",5,"none"
1031,"India","38260000",,"HS2012","38260000","Biodiesel and mixtures thereof, not containing or containing less than 70 % by weight of petroleum oils or oils obtained from bituminous minerals","Biodiesel and mixtures thereof","Biodiesel",6,"none"
1032,"India","none",,"none","BF1032","Biodiesel","Biodiesel","Biodiesel",6,"none"
1033,"India","none",,"none","BF1033","Biofuel","Biofuel","Biofuel",7,"none"
1035,"India","none",,"none","BF1035","Ethanol","Ethanol","Ethanol",5,"none"
1092,"Indonesia","2207100000",,"HS2007","2207100000","Undenatured ethyl alcohol of an alcoholic strength by volume of 80 % vol. or higher","Undenatured ethyl alcohol of an alcoholic strength of 80% vol or higher","Ethanol",5,"none"
1093,"Indonesia","2207201100",,"HS2007","2207201100","Ethyl alcohol and Other spirits, denatured, of any strength----Ethyl alcohol of an alcoholic strength by volume exceeding 99% vol","(-) Ethyl alcohol of an alcoholic strength by volume exceeding 99% vol","Ethanol",5,"none"
1094,"Indonesia","2207201900",,"HS2007","2207201900","Ethyl alcohol and Other spirits, denatured, of any strength----Other","Ethyl alcohol and other spirits, denatured, of any strength","Ethanol",5,"none"
1095,"Indonesia","2207209000",,"HS2007","2207209000","Ethyl alcohol and Other spirits, denatured, of any strength---Other","Ethyl alcohol and other spirits, denatured, of any strength","Ethanol",5,"none"
1100,"Indonesia","3824909000",,"HS2007","3824909000","Prepared binders for foundry moulds or cores; chemical products and preparations of the chemical or allied industries (including those consisting of mixtures of natural products), not elsewhere specified or included- Other---Other","Prepared binders for foundry moulds or cores (-)","Biodiesel",6,"none"
1101,"Indonesia","none",,"none","BF1101","Biodiesel","Biodiesel","Biodiesel",6,"none"
1102,"Indonesia","none",,"none","BF1102","Biofuel","Biofuel","Biofuel",7,"none"
1103,"Indonesia","none",,"none","BF1103","Ethanol","Ethanol","Ethanol",5,"none"
1106,"Italy","none",,"none","BF1106","Biofuel","Biofuel","Biofuel",7,"none"
1193,"Japan","220710121",,"HS2012","220710121","Undenatured ethyl alcohol of an alcoholic strength by volume of 80 % vol. or higher------ Intend for use in manufacturing industrial alcohol","Undenatured ethyl alcohol of an alcoholic strength of 80% vol or higher, for use in manufacturing industrial alcohol","Ethanol",5,"none"
1194,"Japan","220710122",,"HS2012","220710122","Undenatured ethyl alcohol of an alcoholic strength by volume of 80 % vol. or higher------ Intend for use in manufacturing ethyl acetate","Undenatured ethyl alcohol of an alcoholic strength of 80% vol or higher, for use in manufacturing ethyl acetate","Ethanol",5,"none"
1195,"Japan","220710123",,"HS2012","220710123","Undenatured ethyl alcohol of an alcoholic strength by volume of 80 % vol. or higher------ Intend for use in manufacturing ethylamine","Undenatured ethyl alcohol of an alcoholic strength of 80% vol or higher, for use in manufacturing ethylamine","Ethanol",5,"none"
1196,"Japan","220710190",,"HS2012","220710190","Undenatured ethyl alcohol of an alcoholic strength by volume of 80 % vol. or higher------ B Other","Undenatured ethyl alcohol of an alcoholic strength of 80% vol or higher. B Other","Ethanol",5,"none"
1197,"Japan","220710290",,"HS2012","220710290","Undenatured ethyl alcohol of an alcoholic strength by volume of 80 % vol. or higher----- (2) Other","Undenatured ethyl alcohol of an alcoholic strength of 80% vol or higher. (2) Other","Ethanol",5,"none"
1198,"Japan","220720100",,"HS2012","220720100","Ethyl alcohol and Other spirits, denatured, of any strength--- 1 Of an alcoholic strength by volume of 90% vol or higher","Ethyl alcohol and other spirits, denatured, of an alcoholic strength by volume of 90% vol or higher","Ethanol",5,"none"
1199,"Japan","220720200",,"HS2012","220720200","Ethyl alcohol and Other spirits, denatured, of any strength--- 2 Other","Ethyl alcohol and other spirits, denatured, of any strength","Ethanol",5,"none"
1204,"Japan","382600000",,"HS2012","382600000","Biodiesel and mixtures thereof, not containing or containing less than 70 % by weight of petroleum oils or oils obtained from bituminous minerals","Biodiesel and mixtures thereof","Biodiesel",6,"none"
1205,"Japan","none",,"none","BF1205","Ethanol","Ethanol","Ethanol",5,"none"
1206,"Japan","none",,"none","BF1206","Ethanol, E3 up to E10","Ethanol, E3 up to E10","Ethanol",5,"none"
1210,"Kazakhstan","none",,"none","BF1210","Bioethanol - ethanol produced from plant material used as a biofuel , subjected to denaturation","Ethanol","Ethanol",5,"none"
1211,"Kazakhstan","none",,"none","BF1211","Biofuel","Biofuel","Biofuel",7,"none"
1212,"Kazakhstan","none",,"none","BF1212","Fuel produced from raw materials of biological origin","Biofuel","Biofuel",7,"none"
1253,"Mexico","22071001",,"HS2007","22071001","Undenatured ethyl alcohol of an alcoholic strength by volume of 80 % vol. or higher","Undenatured ethyl alcohol of an alcoholic strength of 80% vol or higher","Ethanol",5,"none"
1254,"Mexico","22072001",,"HS2007","22072001","Ethyl alcohol and Other spirits, denatured, of any strength","Ethyl alcohol and other spirits, denatured, of any strength","Ethanol",5,"none"
1259,"Mexico","38249052",,"HS2007","38249052","Prepared binders for foundry moulds or cores; chemical products and preparations of the chemical or allied industries (including those consisting of mixtures of natural products), not elsewhere specified or included- Other-Mezclas de N,N-dimetilamidas de ","Prepared binders for foundry moulds or cores. (-) Mezclas de N,N-dimetilamidas de ácidos grasos de aceite de soya","Biodiesel",6,"none"
1260,"Mexico","38249099",,"HS2007","38249099","Prepared binders for foundry moulds or cores; chemical products and preparations of the chemical or allied industries (including those consisting of mixtures of natural products), not elsewhere specified or included- Other-Los demás.","Prepared binders for foundry moulds or cores. (-) Los demás","Biodiesel",6,"none"
1261,"Mexico","none",,"none","BF1261","Ethanol","Ethanol","Ethanol",5,"none"
1304,"Nigeria","2207100000",,"HS2007","2207100000","Undenatured ethyl alcohol of an alcoholic strength by volume of 80 % vol. or higher","Undenatured ethyl alcohol of an alcoholic strength of 80% vol or higher","Ethanol",5,"none"
1305,"Nigeria","2207209000",,"HS2007","2207209000","Other, ethyl alcohol & other spirits, denatured of any strength","Ethyl alcohol and other spirits, denatured, of any strength","Ethanol",5,"none"
1310,"Nigeria","3824909000",,"HS2007","3824909000","Prepared binders for foundry moulds or cores; chemical products and preparations of the chemical or allied industries (including those consisting of mixtures of natural products), not elsewhere specified or included- Other-Other chemical products and prep","(-) Chemical products and preparations of the chemical or allied industries","Biodiesel",6,"none"
1311,"Nigeria","none",,"none","BF1311","Ethanol","Ethanol","Ethanol",5,"none"
1365,"Philippines","22071000",,"HS2007","22071000","Undenatured ethyl alcohol of an alcoholic strength by volume of 80 % vol. or higher","Undenatured ethyl alcohol of an alcoholic strength of 80% vol or higher","Ethanol",5,"none"
1366,"Philippines","22072011",,"HS2007","22072011","Ethyl alcohol and Other spirits, denatured, of any strength-- - - Ethyl alcohol of an alcoholic strength by volume exceeding 99% vol","(-) Ethyl alcohol of an alcoholic strength by volume exceeding 99% vol","Ethanol",5,"none"
1367,"Philippines","22072019",,"HS2007","22072019","Ethyl alcohol and Other spirits, denatured, of any strength-- - - Other","Ethyl alcohol and other spirits, denatured, of any strength","Ethanol",5,"none"
1368,"Philippines","22072090",,"HS2007","22072090","Ethyl alcohol and Other spirits, denatured, of any strength-- - Other","Ethyl alcohol and other spirits, denatured, of any strength","Ethanol",5,"none"
1373,"Philippines","38249090","2","HS2007","38249090","Prepared binders for foundry moulds or cores; chemical products and preparations of the chemical or allied industries (including those consisting of mixtures of natural products), not elsewhere specified or included- Other-- - - Coconut methyl ester","(-) Coconut methyl ester (CME)","Biodiesel",6,"none"
1374,"Philippines","38249090","3","HS2007","38249090","Prepared binders for foundry moulds or cores; chemical products and preparations of the chemical or allied industries (including those consisting of mixtures of natural products), not elsewhere specified or included- Other-- - - Other","Prepared binders for foundry moulds or cores (-)","Biodiesel",6,"none"
1375,"Philippines","none",,"none","BF1375","Biodiesel - shall refer to Fatty Acid Methyl Ester (FAME) or mono-alkyl ester delivered from vegetable oil, or animal fats and other biomass-derived oils that shall be technically proven and approved by the DOE for use in diesel engines, with quality spec","Biodiesel","Biodiesel",6,"none"
1376,"Philippines","none",,"none","BF1376","Bioethanol fuel - shall refer to ethanol (C2H30H) produce from feedback and other biomass.","Ethanol","Ethanol",5,"none"
1452,"Republic of Korea","2207109090",,"HS2012","2207109090","Undenatured ethyl alcohol of an alcoholic strength by volume of 80 % vol. or higher-Other","Undenatured ethyl alcohol of an alcoholic strength of 80% vol or higher","Ethanol",5,"none"
1453,"Republic of Korea","2207200000",,"HS2012","2207200000","Ethyl alcohol and Other spirits, denatured, of any strength","Ethyl alcohol and other spirits, denatured, of any strength","Ethanol",5,"none"
1458,"Republic of Korea","3826000000",,"HS2012","3826000000","Biodiesel and mixtures thereof, not containing or containing less than 70 % by weight of petroleum oils or oils obtained from bituminous minerals","Biodiesel and mixtures thereof","Biodiesel",6,"none"
1459,"Republic of Korea","none",,"none","BF1459","Biodiesel","Biodiesel","Biodiesel",6,"none"
1563,"Russian Federation","2207100000",,"HS2007","2207100000","Undenatured ethyl alcohol of an alcoholic strength by volume of 80 % vol. or higher","Undenatured ethyl alcohol of an alcoholic strength of 80% vol or higher","Ethanol",5,"none"
1564,"Russian Federation","2207200000",,"HS2007","2207200000","Ethyl alcohol and Other spirits, denatured, of any strength","Ethyl alcohol and other spirits, denatured, of any strength","Ethanol",5,"none"
1573,"Russian Federation","3824909809",,"HS2007","3824909809","Prepared binders for foundry moulds or cores; chemical products and preparations of the chemical or allied industries (including those consisting of mixtures of natural products), not elsewhere specified or included- Other-- - - - - other","Prepared binders for foundry moulds or cores","Biodiesel",6,"none"
1574,"Russian Federation","none",,"none","BF1574","Alcohol produced from food or non-food raw materials, including denatured ethyl alcohol","Ethanol","Ethanol",5,"none"
1575,"Russian Federation","none",,"none","BF1575","Biofuel","Biofuel","Biofuel",7,"none"
1634,"Saudi Arabia","22071090",,"HS2012","22071090","Undenatured ethyl alcohol of an alcoholic strength by volume of 80 % vol. or higher-- - - Other","Undenatured ethyl alcohol of an alcoholic strength of 80% vol or higher","Ethanol",5,"none"
1635,"Saudi Arabia","22072019",,"HS2012","22072019","Ethyl alcohol and Other spirits, denatured, of any strength-- - - - Other","Ethyl alcohol and other spirits, denatured, of any strength","Ethanol",5,"none"
1636,"Saudi Arabia","22072090",,"HS2012","22072090","Ethyl alcohol and Other spirits, denatured, of any strength-- - - Other","Ethyl alcohol and other spirits, denatured, of any strength","Ethanol",5,"none"
1641,"Saudi Arabia","38260000",,"HS2012","38260000","Biodiesel and mixtures thereof, not containing or containing less than 70 % by weight of petroleum oils or oils obtained from bituminous minerals","Biodiesel and mixtures thereof","Biodiesel",6,"none"
1714,"South Africa","22071000",,"HS2012","22071000","Undenatured ethyl alcohol of an alcoholic strength by volume of 80 % vol. or higher","Undenatured ethyl alcohol of an alcoholic strength of 80% vol or higher","Ethanol",5,"none"
1715,"South Africa","22072000",,"HS2012","22072000","Ethyl alcohol and Other spirits, denatured, of any strength","Ethyl alcohol and other spirits, denatured, of any strength","Ethanol",5,"none"
1722,"South Africa","38260010",,"HS2012","38260010","Biodiesel and mixtures thereof, not containing or containing less than 70 % by weight of petroleum oils or oils obtained from bituminous minerals-- Biodiesel as defined in Additional Note 1(a) to Chapter 38","(-) Biodiesel as defined in Additional Note 1(a) to Chapter 38","Biodiesel",6,"none"
1723,"South Africa","38260090",,"HS2012","38260090","Biodiesel and mixtures thereof, not containing or containing less than 70 % by weight of petroleum oils or oils obtained from bituminous minerals-- Other","Biodiesel and mixtures thereof","Biodiesel",6,"none"
1724,"South Africa","none",,"none","BF1724","Biodiesel means a renewable fuel derived from vegetable or animal matter which conforms to the South African National Standard, Automotive Biodiesel - Fatty acid methil esters (FAME) for diesel engines - Requirements and test methods, SANS 1935, and the S","Biodiesel","Biodiesel",6,"none"
1725,"South Africa","none",,"none","BF1725","Ethanol derived from vegetable matter which conforms to the South African National Standard, standard specification specification for denatured fuel ethanol for blending with gasolines for use as automotive spark ignition engine fuel, SANS 465.","Ethanol","Ethanol",5,"none"
1734,"Spain","none",,"none","BF1734","Biodiesel","Biodiesel","Biodiesel",6,"none"
1735,"Spain","none",,"none","BF1735","Bioethanol","Bioethanol","Ethanol",5,"none"
1736,"Spain","none",,"none","BF1736","Biofuel","Biofuel","Biofuel",7,"none"
1737,"Spain","none",,"none","BF1737","Ethanol","Ethanol","Ethanol",5,"none"
1799,"Thailand","22071000",,"HS2007","22071000","Undenatured ethyl alcohol of an alcoholic strength by volume of 80 % vol. or higher","Undenatured ethyl alcohol of an alcoholic strength of 80% vol or higher","Ethanol",5,"none"
1800,"Thailand","22072011",,"HS2007","22072011","Ethyl alcohol and Other spirits, denatured, of any strength-- - - Ethyl alcohol of an alcoholic strength by volume of exceeding 99% vol","(-) Ethyl alcohol of an alcoholic strength by volume exceeding 99% vol","Ethanol",5,"none"
1801,"Thailand","22072019",,"HS2007","22072019","Ethyl alcohol and Other spirits, denatured, of any strength-- - - Other","Ethyl alcohol and other spirits, denatured, of any strength","Ethanol",5,"none"
1802,"Thailand","22072090",,"HS2007","22072090","Ethyl alcohol and Other spirits, denatured, of any strength-- - Other","Ethyl alcohol and other spirits, denatured, of any strength","Ethanol",5,"none"
1807,"Thailand","38249090",,"HS2007","38249090","Prepared binders for foundry moulds or cores; chemical products and preparations of the chemical or allied industries (including those consisting of mixtures of natural products), not elsewhere specified or included- Other-- - Other","Prepared binders for foundry moulds or cores (-)","Biodiesel",6,"none"
1808,"Thailand","none",,"none","BF1808","Biodiesel","Biodiesel","Biodiesel",6,"none"
1809,"Thailand","none",,"none","BF1809","Ethanol","Ethanol","Ethanol",5,"none"
1810,"Thailand","none",,"none","BF1810","Ethanol, E20","Ethanol, E20","Ethanol",5,"none"
1931,"Turkey","2207100010","1","HS2007","2207100010","Undenatured ethyl alcohol of an alcoholic strength by volume of 80 % vol. or higher-- - - - Obtained from agricultural products","Undenatured ethyl alcohol of an alcoholic strength of 80% vol or higher, from agricultural products","Ethanol",5,"none"
1932,"Turkey","2207100010","3","HS2007","2207100010","Undenatured ethyl alcohol of an alcoholic strength by volume of 80 % vol. or higher-- - - - Other","Undenatured ethyl alcohol of an alcoholic strength of 80% vol or higher","Ethanol",5,"none"
1933,"Turkey","2207100090",,"HS2007","2207100090","Undenatured ethyl alcohol of an alcoholic strength by volume of 80 % vol. or higher-- - Other","Undenatured ethyl alcohol of an alcoholic strength of 80% vol or higher","Ethanol",5,"none"
1934,"Turkey","2207200010","1","HS2007","2207200010","Ethyl alcohol and Other spirits, denatured, of any strength-- - - Ethyl alcohol (bulk)","(-) Ethyl alcohol of an alcoholic strength by volume exceeding 99% vol","Ethanol",5,"none"
1935,"Turkey","2207200010","2","HS2007","2207200010","Ethyl alcohol and Other spirits, denatured, of any strength-- - - Other","Ethyl alcohol and other spirits, denatured, of any strength","Ethanol",5,"none"
1936,"Turkey","2207200090",,"HS2007","2207200090","Ethyl alcohol and Other spirits, denatured, of any strength-- - Other","Ethyl alcohol and other spirits, denatured, of any strength","Ethanol",5,"none"
1944,"Turkey","3824906400",,"HS2007","3824906400","Prepared binders for foundry moulds or cores; chemical products and preparations of the chemical or allied industries (including those consisting of mixtures of natural products), not elsewhere specified or included- Other-- - - - Other","Prepared binders for foundry moulds or cores","Biodiesel",6,"none"
1945,"Turkey","3824909790",,"HS2007","3824909790","Prepared binders for foundry moulds or cores; chemical products and preparations of the chemical or allied industries (including those consisting of mixtures of natural products), not elsewhere specified or included- Other-- - - - Other","Prepared binders for foundry moulds or cores","Biodiesel",6,"none"
1946,"Turkey","none",,"none","BF1946","Biodiesel","Biodiesel","Biodiesel",6,"none"
1947,"Turkey","none",,"none","BF1947","Ethanol","Ethanol","Ethanol",5,"none"
1953,"U.K. of Great Britain and Northern Ireland","none",,"none","BF1953","Biodiesel (A diesel quality liquid fuel derived from biomass or waste cooking oils, the ester content of which is not less than 96.5% by weight; and the sulphur content of which does not exceed 0.005 per cent by weight, or is nil), bioethanol (A liquid fu","Biodiesel","Biofuel",7,"none"
1954,"U.K. of Great Britain and Northern Ireland","none",,"none","BF1954","Biodiesel, a diesel quality liquid fuel derived from biomass or waste cooking oils, the ester content of which is not less than 96.5% by weight; and the sulphur content of which does not exceed 0.005 per cent by weight, or is nil","Biodiesel","Biodiesel",6,"none"
1955,"U.K. of Great Britain and Northern Ireland","none",,"none","BF1955","Bioethanol, a liquid fuel consisting of ethanol produced from biomass and is capable of being used for the same purposes as light oil. The liquid does not include any substance that is gaseous at a temperature of 15°C and under a pressure of 1013.25 milli","Bioethanol","Ethanol",5,"none"
2053,"Ukraine","2207100090",,"HS2007","2207100090","Undenatured ethyl alcohol of an alcoholic strength by volume of 80 % vol. or higher-- - Other","Undenatured ethyl alcohol of an alcoholic strength of 80% vol or higher","Ethanol",5,"none"
2054,"Ukraine","2207200000",,"HS2007","2207200000","Ethyl alcohol and Other spirits, denatured, of any strength","Ethyl alcohol and other spirits, denatured, of any strength","Ethanol",5,"none"
2062,"Ukraine","3824906400",,"HS2007","3824906400","Prepared binders for foundry moulds or cores; chemical products and preparations of the chemical or allied industries (including those consisting of mixtures of natural products), not elsewhere specified or included- Other-- - - - Other","Prepared binders for foundry moulds or cores","Biodiesel",6,"none"
2063,"Ukraine","3824909800",,"HS2007","3824909800","Prepared binders for foundry moulds or cores; chemical products and preparations of the chemical or allied industries (including those consisting of mixtures of natural products), not elsewhere specified or included- Other-- - - - Other","Prepared binders for foundry moulds or cores","Biodiesel",6,"none"
2064,"Ukraine","none",,"none","BF2064","Biodiesel","Biodiesel","Biodiesel",6,"none"
2065,"Ukraine","none",,"none","BF2065","Biofuel","Biofuel","Biofuel",7,"none"
2067,"Ukraine","none",,"none","BF2067","Ethanol","Ethanol","Ethanol",5,"none"
2069,"Ukraine","none",,"none","BF2069","Product of bioconversion of biological raw materials of regulated amounts of accompanying and denaturating additives","Blended gasoline and motor fuel containing ethanol in proportion to the total volume of gasoline production in Ukraine","Ethanol",5,"none"
2116,"United States of America","22071060",,"HS2012","22071060","Undenatured ethyl alcohol of an alcoholic strength by volume of 80 % vol. or higher, for non-beverage purposes","Undenatured ethyl alcohol of an alcoholic strength of 80% vol or higher, for non-beverage purposes","Ethanol",5,"none"
2117,"United States of America","22072000",,"HS2012","22072000","Ethyl alcohol and Other spirits, denatured, of any strength","Ethyl alcohol and other spirits, denatured, of any strength","Ethanol",5,"none"
2122,"United States of America","38260010","1","HS2012","38260010","Biodiesel and mixtures thereof, not containing or containing less than 70 % by weight of petroleum oils or oils obtained from bituminous minerals-Biodiesel not containing petroleum or bituminous oil [Excluding tariff preferences under the Agreement on Pha","Biodiesel and mixtures thereof. [Excluding tariff preferences under the Agreement on Pharmaceutical Products]","Biodiesel",6,"none"
2123,"United States of America","38260030","1","HS2012","38260030","Biodiesel and mixtures thereof, not containing or containing less than 70 % by weight of petroleum oils or oils obtained from bituminous minerals-Biodiesel containing <70% petroleum or bituminous oil [Excluding tariff preferences under the Agreement on Ph","Biodiesel and mixtures thereof. [Excluding tariff preferences under the Agreement on Pharmaceutical Products]","Biodiesel",6,"none"
2124,"United States of America","none",,"none","BF2124","2nd generation biofuels (Ethanol). Second generation biofuel is defined as liquid fuel produced from any lignocellulosic or hemicellulosic matter that is available on a renewable basis or any cultivated algae, cyanobacteria, or lemna. To qualify, fuel mus","2nd generation biofuels (Ethanol)","Ethanol",5,"none"
2125,"United States of America","none",,"none","BF2125","2nd generation biofuels (Non-ethanol). Second generation biofuel is defined as liquid fuel produced from any lignocellulosic or hemicellulosic matter that is available on a renewable basis or any cultivated algae, cyanobacteria, or lemna. To qualify, fuel","2nd generation biofuels (Non-ethanol)","Biofuel",7,"none"
2126,"United States of America","none",,"none","BF2126","2nd generation biofuels. Second generation biofuel is defined as liquid fuel produced from any lignocellulosic or hemicellulosic matter that is available on a renewable basis or any cultivated algae, cyanobacteria, or lemna. To qualify, fuel must also mee","2nd generation biofuels","Biofuel",7,"none"
2127,"United States of America","none",,"none","BF2127","Advanced Biofuel, biofuels other than corn-based ethanol with GHG savings >50%","Advanced biofuels","Biofuel",7,"none"
2128,"United States of America","none",,"none","BF2128","Advanced biofuels, fuels derived from renewable biomass (biofuels) other than corn kernel starch (corn-based ethanol) with GHG savings >50%.","Advanced biofuels","Biofuel",7,"none"
2129,"United States of America","none",,"none","BF2129","Agriculturally derived, denatured ethanol","Ethanol","Ethanol",5,"none"
2130,"United States of America","none",,"none","BF2130","Biodiesel","Biodiesel","Biodiesel",6,"none"
2131,"United States of America","none",,"none","BF2131","Biodiesel is defined as fuel that is derived from vegetable oils or animal fats and conforms to ASTM D6751 specifications for use in diesel engines and results in employment at a manufacturing facility for biodiesel fuel.","Biodiesel","Biodiesel",6,"none"
2132,"United States of America","none",,"none","BF2132","Biodiesel means renewable, biodegradable, monoalkyl ester combustible liquid fuel that is derived from agricultural plant oils or animal fats and that meets ASTM  D6751 standard specification. Blended biodiesel contains at least 2% biodiesel.","Biodiesel","Biodiesel",6,"none"
2133,"United States of America","none",,"none","BF2133","Biodiesel or renewable diesel defined as a diesel fuel substitute produced from non-petroleum renewable sources, including vegetable oils and animal fats, meets the federal registration requirements for fuels and fuel additives and ASTM specification D975","Biodiesel","Biodiesel",6,"none"
2134,"United States of America","none",,"none","BF2134","Biodiesel that meets the requirements of ASTM specification D6751.","Biodiesel","Biodiesel",6,"none"
2135,"United States of America","none",,"none","BF2135","Biodiesel, B1 to B10","Biodiesel, B1 to B10","Biodiesel",6,"none"
2136,"United States of America","none",,"none","BF2136","Biodiesel, B100","Biodiesel, B100","Biodiesel",6,"none"
2137,"United States of America","none",,"none","BF2137","Biodiesel, B100. Biodiesel that meets the requirements of ASTM specification D6751.","Biodiesel, B100","Biodiesel",6,"none"
2138,"United States of America","none",,"none","BF2138","Biodiesel, B20","Biodiesel, B20","Biodiesel",6,"none"
2139,"United States of America","none",,"none","BF2139","Biodiesel, B5 and higher blends","Biodiesel, B5 and higher blends","Biodiesel",6,"none"
2140,"United States of America","none",,"none","BF2140","Biodiesel, B5 and higher blends. Biodiesel is defined as a fuel composed of mono-alkyl esters of long chain fatty acids derived from vegetable oils or animal fats and meets ASTM D6571 specification.","Biodiesel, B5 and higher blends","Biodiesel",6,"none"
2141,"United States of America","none",,"none","BF2141","Biodiesel, B>10","Biodiesel, B>10","Biodiesel",6,"none"
2142,"United States of America","none",,"none","BF2142","Biodiesel, fuel comprised of mono-alkyl esters of long chain fatty acids derived from renewable resources and meeting the requirements of ASTM specification D6751, or a diesel fuel substitute produced from non-petroleum renewable resources such as vegetab","Biodiesel","Biodiesel",6,"none"
2143,"United States of America","none",,"none","BF2143","Biodiesel, motor vehicle fuel derived from vegetable oil, animal fat, or other non-petroleum resources, that is designated as B100 and complies with ASTM specification D6751.","Biodiesel","Biodiesel",6,"none"
2144,"United States of America","none",,"none","BF2144","Biomass-based Biodiesel, biodiesel with GHG savings >50%","Biomass-based diesel","Biodiesel",6,"none"
2145,"United States of America","none",,"none","BF2145","Cellulosic Biofuel, lignocellulosic biofuel with GHG saving >60%","Cellulosic biofuel","Biofuel",7,"none"
2146,"United States of America","none",,"none","BF2146","Cellulosic biofuel includes fuel derived from cellulose, hemicellulose, or lignin derived from renewable biomass that yields at least a 60% reduction in lifecycle greenhouse gas (GHG) emissions relative to the average lifecycle GHG emissions for petroleum","Cellulosic biofuel","Biofuel",7,"none"
2147,"United States of America","none",,"none","BF2147","Cellulosic ethanol","Cellulosic ethanol","Ethanol",5,"none"
2148,"United States of America","none",,"none","BF2148","Cellulosic-based ethanol that meets ASTM specification D4806.","Cellulosic-based ethanol","Ethanol",5,"none"
2149,"United States of America","none",,"none","BF2149","Corn-based ethanol","Corn-based ethanol","Ethanol",5,"none"
2150,"United States of America","none",,"none","BF2150","Denatured ethanol.","Denatured ethanol","Ethanol",5,"none"
2151,"United States of America","none",,"none","BF2151","Ethanol","Ethanol","Ethanol",5,"none"
2152,"United States of America","none",,"none","BF2152","Ethanol denatured, 99% pure, distilled from cereal grains.","Ethanol","Ethanol",5,"none"
2153,"United States of America","none",,"none","BF2153","Ethanol is defined an ethyl alcohol that has a purity of at least 99%, exclusive of added denaturants; meets U.S. Bureau of Alcohol, Tobacco, Firearms, and Explosives and ASTM specification D4806.","Ethanol","Ethanol",5,"none"
2154,"United States of America","none",,"none","BF2154","Ethanol that meet ASTM specification D4806.","Ethanol","Ethanol",5,"none"
2155,"United States of America","none",,"none","BF2155","Ethanol, E10","Ethanol, E10","Ethanol",5,"none"
2156,"United States of America","none",,"none","BF2156","Ethanol, E15","Ethanol, E15","Ethanol",5,"none"
2157,"United States of America","none",,"none","BF2157","Ethanol, E15 or lower blends","Ethanol, E15 or lower blends","Ethanol",5,"none"
2158,"United States of America","none",,"none","BF2158","Ethanol, E70 and higher blends. Ethanol defined as denatured ethanol fuel that is suitable for use in a spark-ignition engine when mixed with gasoline and must meet ASTM D5798 specification.","Ethanol, E70 and higher blends","Ethanol",5,"none"
2159,"United States of America","none",,"none","BF2159","Ethanol, E70-E90","Ethanol, E70-E90","Ethanol",5,"none"
2160,"United States of America","none",,"none","BF2160","Ethanol, E85","Ethanol, E85","Ethanol",5,"none"
2161,"United States of America","none",,"none","BF2161","Ethanol, fuel that is derived from an agricultural source and that meets ASTM specification D4806.","Ethanol","Ethanol",5,"none"
2162,"United States of America","none",,"none","BF2162","Ethanol, specified as ethyl tertiary butyl ether.","Ethanol","Ethanol",5,"none"
2163,"United States of America","none",,"none","BF2163","Renewable diesel is defined as liquid fuel derived from biomass that meets EPA's fuel registration requirements and ASTM specifications D975 or D396; the definition of renewable diesel does not include any fuel derived from co-processing biomass with a fe","Renewable diesel","Biodiesel",6,"none"
2164,"United States of America","none",,"none","BF2164","Renewable diesel, diesel fuel that is derived predominantly from renewable biomass and yields at least a 50% reduction in lifecycle greenhouse gas (GHG) emissions relative to the average lifecycle GHG emissions for petroleum-based diesel fuel sold in 2005","Renewable diesel","Biodiesel",6,"none"
2165,"United States of America","none",,"none","BF2165","Renewable fuel, includes all types of biofuel","Renewable fuel","Biofuel",7,"none"
2236,"Viet Nam","22071000",,"HS2012","22071000","Undenatured ethyl alcohol of an alcoholic strength by volume of 80 % vol. or higher","Undenatured ethyl alcohol of an alcoholic strength of 80% vol or higher","Ethanol",5,"none"
2237,"Viet Nam","22072011",,"HS2012","22072011","Ethyl alcohol and Other spirits, denatured, of any strength-- - - Ethyl alcohol of an alcoholic strength by volume exceeding 99% vol","(-) Ethyl alcohol of an alcoholic strength by volume exceeding 99% vol","Ethanol",5,"none"
2238,"Viet Nam","22072019",,"HS2012","22072019","Ethyl alcohol and Other spirits, denatured, of any strength-- - - Other","Ethyl alcohol and other spirits, denatured, of any strength","Ethanol",5,"none"
2239,"Viet Nam","22072090",,"HS2012","22072090","Ethyl alcohol and Other spirits, denatured, of any strength-- - Other","Ethyl alcohol and other spirits, denatured, of any strength","Ethanol",5,"none"
2245,"Viet Nam","38260010",,"HS2012","38260010","Biodiesel and mixtures thereof, not containing or containing less than 70 % by weight of petroleum oils or oils obtained from bituminous minerals-- Coconut methyl ester (CME)","(-) Coconut methyl ester (CME)","Biodiesel",6,"none"
2246,"Viet Nam","38260090",,"HS2012","38260090","Biodiesel and mixtures thereof, not containing or containing less than 70 % by weight of petroleum oils or oils obtained from bituminous minerals-- Other","Biodiesel and mixtures thereof","Biodiesel",6,"none"
2247,"Viet Nam","none",,"none","BF2247","Bio-fuel, traditional petrol mixed with a certain amount of ethanol","Ethanol","Ethanol",5,"none"
2248,"Viet Nam","none",,"none","BF2248","Ethanol","Ethanol","Ethanol",5,"none"
