"Commodity_ID","Country_Name","HS_Code","HS_suffix","HS_version","Target_Code","description","short_description","CommodityClass_Name","CommodityClass_Code","Shared_Group_Code"
1,,"100110",,"HS2007","100110","Wheat and meslin. - Durum wheat.","(-) Durum wheat","Wheat",1,"none"
2,,"100111",,"HS2012","100111","Wheat and meslin. - Durum wheat : -- Seed.","(-) Durum wheat seed","Wheat",1,"none"
3,,"100119",,"HS2012","100119","Wheat and meslin. - Durum wheat : -- Other.","(-) Durum wheat","Wheat",1,"none"
4,,"100190",,"HS2007","100190","Wheat and meslin. - Other.","Wheat and meslin (-)","Wheat",1,"none"
5,,"100191",,"HS2012","100191","Wheat and meslin. - Other : -- Seed.","Wheat and meslin (-) Seed","Wheat",1,"none"
6,,"100199",,"HS2012","100199","Wheat and meslin. - Other : -- Other.","Wheat and meslin (-)","Wheat",1,"none"
8,,"100510",,"HS2012","100510","Maize (corn). - Seed.","Maize (corn) seed","Maize",3,"none"
10,,"100590",,"HS2012","100590","Maize (corn). - Other.","Maize (corn)","Maize",3,"none"
11,,"1006",,"none","1006","Rice","Rice","Rice",2,"none"
14,,"100610",,"HS2012","100610","Rice. - Rice in the husk (paddy or rough).","(-) Rice in the husk (paddy or rough)","Rice",2,"none"
16,,"100620",,"HS2012","100620","Rice. - Husked (brown) rice.","(-) Husked (brown) rice","Rice",2,"none"
18,,"100630",,"HS2012","100630","Rice. - Semi-milled or wholly milled rice, whether or not polished or glazed.","(-) Semi/wholly milled rice…","Rice",2,"none"
20,,"100640",,"HS2012","100640","Rice. - Broken rice.","(-) Broken rice","Rice",2,"none"
22,,"110100",,"HS2012","110100","Wheat or meslin flour.","Wheat or meslin flour","Wheat",1,"none"
24,,"110220",,"HS2012","110220","Cereal flours other than of wheat or meslin. - Maize (corn) flour.","(-) Maize (corn) flour","Maize",3,"none"
26,,"110290",,"HS2012","110290","Cereal flours other than of wheat or meslin. - Other.","Cereal flours other than of wheat or meslin ","Rice",2,"none"
28,,"110311",,"HS2012","110311","Cereal groats, meal and pellets. - Groats and meal : -- Of wheat.","(-) Groats and meal of wheat","Wheat",1,"none"
30,,"110313",,"HS2012","110313","Cereal groats, meal and pellets. - Groats and meal : -- Of maize (corn).","(-) Groats and meal of maize (corn)","Maize",3,"none"
31,,"110319",,"HS2012","110319","Cereal groats, meal and pellets. - Groats and meal : -- Of other cereals.","(-) Groats and meal of other cereals","Rice",2,"none"
33,,"110419",,"HS2012","110419","Cereal grains otherwise worked (for example, hulled, rolled, flaked, pearled, sliced or kibbled), except rice of heading 10.06; germ of cereals, whole, rolled, flaked or ground. - Rolled or flaked grains: -- Of other cereals.","(-) Rolled or flaked grains of other cereals","Wheat + Maize + Rice",11,"none"
35,,"110423",,"HS2012","110423","Cereal grains otherwise worked (for example, hulled, rolled, flaked, pearled, sliced or kibbled), except rice of heading 10.06; germ of cereals, whole, rolled, flaked or ground. - Other worked grains (for example, hulled, pearled, sliced or kibbled): -- O","(-) Other worked grains (i.e hulled, pearled, sliced or kibbled) of maize (corn)","Maize",3,"none"
37,,"110429",,"HS2012","110429","Cereal grains otherwise worked (for example, hulled, rolled, flaked, pearled, sliced or kibbled), except rice of heading 10.06; germ of cereals, whole, rolled, flaked or ground. - Other worked grains (for example, hulled, pearled, sliced or kibbled): -- O","(-) Other worked grains (i.e hulled, pearled, sliced or kibbled) of other cereals","Wheat + Maize + Rice",11,"none"
39,,"110430",,"HS2012","110430","Cereal grains otherwise worked (for example, hulled, rolled, flaked, pearled, sliced or kibbled), except rice of heading 10.06; germ of cereals, whole, rolled, flaked or ground. - Germ of cereals, whole, rolled, flaked or ground.","(-) Germ of cereals whole, rolled, flaked or ground","Wheat + Maize + Rice",11,"none"
49,,"120110",,"HS2012","120110","Soya beans, whether or not broken. - Seed.","Soya beans seed","Soybeans",4,"none"
50,,"120190",,"HS2012","120190","Soya beans, whether or not broken. - Other.","Soya beans","Soybeans",4,"none"
54,,"150710",,"HS2012","150710","Soya-bean oil and its fractions, whether or not refined, but not chemically modified. - Crude oil, whether or not degummed.","(-) Crude oil of soya-bean","Soybeans",4,"none"
56,,"150790",,"HS2012","150790","Soya-bean oil and its fractions, whether or not refined, but not chemically modified. - Other.","Soya-bean oil and its fractions","Soybeans",4,"none"
58,,"151521",,"HS2012","151521","Other fixed vegetable fats and oils (including jojoba oil) and their fractions, whether or not refined, but not chemically modified. - Maize (corn) oil and its fractions : -- Crude oil.","(-) Maize (corn) crude oil","Maize",3,"none"
60,,"151529",,"HS2012","151529","Other fixed vegetable fats and oils (including jojoba oil) and their fractions, whether or not refined, but not chemically modified. - Maize (corn) oil and its fractions : -- Other.","(-) Maize (corn) oil and its fractions","Maize",3,"none"
72,,"230210",,"HS2012","230210","Bran, sharps and other residues, whether or not in the form of pellets, derived from the sifting, milling or other working of cereals or of leguminous plants. - Of maize (corn).","Bran, sharps and other residues derived from the sifting, milling or other working of maize (corn)","Maize",3,"none"
74,,"230230",,"HS2012","230230","Bran, sharps and other residues, whether or not in the form of pellets, derived from the sifting, milling or other working of cereals or of leguminous plants. - Of wheat.","Bran, sharps and other residues derived from the sifting, milling or other working of wheat","Wheat",1,"none"
75,,"230240",,"HS2012","230240","Bran, sharps and other residues, whether or not in the form of pellets, derived from the sifting, milling or other working of cereals or of leguminous plants. - Of other cereals.","Bran, sharps and other residues derived from the sifting, milling or other working of other cereals","Rice",2,"none"
78,,"230401",,"none","230401","Tortas, orujos de aceitunas y demás residuous de la extraccion de aceites vegetales con exclusion de lias o heces; Tortas de semillas oleaginosas.","Tortas, orujos de aceitunas y demás residuous de la extraccion de aceites vegetales con exclusion de lias o heces; Expellers","Soybeans",4,"none"
79,,"230402",,"none","230402","Tortas, orujos de aceitunas y demás residuous de la extraccion de aceites vegetales con exclusion de lias o heces; Expellers","Tortas, orujos de aceitunas y demás residuous de la extraccion de aceites vegetales con exclusion de lias o heces; Expellers","Soybeans",4,"none"
80,,"230403",,"none","230403","Tortas, orujos de aceitunas y demás residuous de la extraccion de aceites vegetales con exclusion de lias o heces; Pellets","Tortas, orujos de aceitunas y demás residuous de la extraccion de aceites vegetales con exclusion de lias o heces; Expellers","Soybeans",4,"none"
81,,"230404",,"none","230404","Tortas, orujos de aceitunas y demás residuous de la extraccion de aceites vegetales con exclusion de lias o heces; Harinas y borras.","Tortas, orujos de aceitunas y demás residuous de la extraccion de aceites vegetales con exclusion de lias o heces; Expellers","Soybeans",4,"none"
89,"Argentina","10011010",,"HS2007","10011010","Wheat and meslin. - Durum wheat. -- Para siembra.","(-) Durum wheat. Para siembra","Wheat",1,"none"
90,"Argentina","10011090",,"HS2007","10011090","Wheat and meslin. - Durum wheat. -- No suministrada.","(-) Durum wheat. No suministrada","Wheat",1,"none"
91,"Argentina","10019000",,"HS2007","10019000","Wheat and meslin. - Other","Wheat and meslin (-)","Wheat",1,"none"
92,"Argentina","10019010",,"HS2007","10019010","Wheat and meslin. - Other. -- Para siembra.","Wheat and meslin (-). Para siembra","Wheat",1,"none"
93,"Argentina","10019090",,"HS2007","10019090","Wheat and meslin. - Other. -- No suministrada.","Wheat and meslin (-) No suministrada","Wheat",1,"none"
94,"Argentina","10051000",,"HS2007","10051000","Maize (corn). - Seed.","Maize (corn) seed","Maize",3,"none"
95,"Argentina","10059000",,"none","10059000","Maize (excl. seed)","Maize (corn) (excl. seed)","Maize",3,"none"
96,"Argentina","10059010",,"HS2007","10059010","Maize (corn). - Other. -- En grano.","Maize (corn) (-) En grano","Maize",3,"none"
97,"Argentina","10059090",,"HS2007","10059090","Maize (corn). - Other. -- Los demás.","Maize (corn) (-) Los demás","Maize",3,"none"
98,"Argentina","10061010",,"HS2007","10061010","Rice. - Rice in the husk (paddy or rough). -- Para siembra.","(-) Rice in the husk (paddy or rough). Para siembra","Rice",2,"none"
99,"Argentina","10061091",,"HS2007","10061091","Rice. - Rice in the husk (paddy or rough). -- Los demás. --- Parboilizado.","(-) Rice in the husk (paddy or rough) for sowing (-) Parboilizado","Rice",2,"none"
100,"Argentina","10061092",,"HS2007","10061092","Rice. - Rice in the husk (paddy or rough). -- Los demás. --- No parboilizado.","(-) Rice in the husk (paddy or rough) for sowing (-) No parboilizado","Rice",2,"none"
101,"Argentina","10062010",,"HS2007","10062010","Rice. - Husked (brown) rice. -- Parboilizado.","(-) Husked (brown) rice. Parboilizado","Rice",2,"none"
102,"Argentina","10062020",,"HS2007","10062020","Rice. - Husked (brown) rice. -- No parboilizado.","(-) Husked (brown) rice. No parboilizado","Rice",2,"none"
103,"Argentina","10063011",,"HS2007","10063011","Rice. - Semi-milled or wholly milled rice, whether or not polished or glazed. -- Parboilizado. --- Pulido o glaseado.","(-) Semi/wholly milled parboiled rice. Parboilizado pulido or glaseado","Rice",2,"none"
104,"Argentina","10063019",,"HS2007","10063019","Rice. - Semi-milled or wholly milled rice, whether or not polished or glazed. -- Parboilizado. --- Los demás.","(-) Semi/wholly milled parboiled rice. Parboilizado","Rice",2,"none"
105,"Argentina","10063021",,"HS2007","10063021","Rice. - Semi-milled or wholly milled rice, whether or not polished or glazed. -- No parboilizado. --- Pulido o glaseado","(-) Semi/wholly milled rice. No parboilizado pulido o glaseado","Rice",2,"none"
106,"Argentina","10063029",,"HS2007","10063029","Rice. - Semi-milled or wholly milled rice, whether or not polished or glazed. -- No parboilizado. --- Los demás","(-) Semi/wholly milled rice. No parboilizado","Rice",2,"none"
107,"Argentina","10064000",,"HS2007","10064000","Rice. - Broken rice.","(-) Broken rice","Rice",2,"none"
108,"Argentina","11010010",,"HS2007","11010010","Wheat or meslin flour. - De trigo.","Wheat or meslin flour. De trigo","Wheat",1,"none"
109,"Argentina","11010020",,"HS2007","11010020","Wheat or meslin flour. - De morcajo (tranquillón).","Wheat or meslin flour. De morcajo (tranquillón)","Wheat",1,"none"
110,"Argentina","11022000",,"HS2007","11022000","Cereal flours other than of wheat or meslin. - Maize (corn) flour.","(-) Maize (corn) flour","Maize",3,"none"
111,"Argentina","11029000",,"HS2007","11029000","Cereal flours other than of wheat or meslin. - Other.","Cereal flours other than of wheat or meslin ","Rice",2,"none"
112,"Argentina","11031100",,"HS2007","11031100","Cereal groats, meal and pellets. - Groats and meal : -- Of wheat.","(-) Groats and meal of wheat","Wheat",1,"none"
113,"Argentina","11031300",,"HS2007","11031300","Cereal groats, meal and pellets. - Groats and meal : -- Of maize (corn).","(-) Groats and meal of maize (corn)","Maize",3,"none"
114,"Argentina","11031900",,"HS2007","11031900","Cereal groats, meal and pellets. - Groats and meal : -- Of other cereals.","(-) Groats and meal of other cereals","Rice",2,"none"
116,"Argentina","11042300",,"HS2007","11042300","Cereal grains otherwise worked (for example, hulled, rolled, flaked, pearled, sliced or kibbled), except rice of heading 10.06; germ of cereals, whole, rolled, flaked or ground. - Other worked grains (for example, hulled, pearled, sliced or kibbled): -- O","(-) Other worked grains (i.e hulled, pearled, sliced or kibbled) of maize (corn)","Maize",3,"none"
118,"Argentina","11043000",,"HS2007","11043000","Cereal grains otherwise worked (for example, hulled, rolled, flaked, pearled, sliced or kibbled), except rice of heading 10.06; germ of cereals, whole, rolled, flaked or ground. - Germ of cereals, whole, rolled, flaked or ground.","(-) Germ of cereals, whole, rolled, flaked or ground","Wheat + Maize + Rice",11,"none"
119,"Argentina","11081100",,"HS2007","11081100","Starches; inulin. - Starches : -- Wheat starch.","(-) Starches of wheat","Wheat",1,"none"
120,"Argentina","11081200",,"HS2007","11081200","Starches; inulin. - Starches : -- Maize (corn) starch.","(-) Starches of maize (corn)","Maize",3,"none"
121,"Argentina","11081900",,"HS2007","11081900","Starches; inulin. - Starches : -- Other starches.","(-) Other starches","Rice",2,"none"
122,"Argentina","11090000",,"HS2007","11090000","Wheat gluten, whether or not dried.","Wheat gluten","Wheat",1,"none"
123,"Argentina","12010010",,"HS2007","12010010","Soya beans, whether or not broken. - Para siembra.","Soya beans. Para siembra","Soybeans",4,"none"
124,"Argentina","12010090",,"HS2007","12010090","Soya beans, whether or not broken. - Las demás.","Soya beans. Las demás","Soybeans",4,"none"
125,"Argentina","12010401",,"none","12010401","Soya beans","Soya beans","Soybeans",4,"none"
126,"Argentina","12081000",,"HS2007","12081000","Flours and meals of oil seeds or oleaginous fruits, other than those of mustard. - Of soya beans.","Flours and meals of soya beans","Soybeans",4,"none"
127,"Argentina","15070100",,"none","15070100","Crude soya-bean oil","(-) Crude oil of soya-bean","Soybeans",4,"none"
128,"Argentina","15071000",,"none","15071000","Soya-bean oil and its fractions, whether or not refined, but not chemically modified. - Crude oil, whether or not degummed. -- No suministrada.","(-) Crude oil of soya-bean. No suministrada","Soybeans",4,"none"
131,"Argentina","15071201",,"none","15071201","Crude maize (corn) oil","(-) Crude maize oil","Maize",3,"none"
132,"Argentina","15079011",,"none","15079011","Soya-bean oil and its fractions, whether or not refined, but not chemically modified. - Other. -- Refinado. --- En envases con capacidad inferior o igual a 5 l.","Soya-bean oil and its fractions (-). Refinado, en envases con capacidad inferior o igual a 5 l","Soybeans",4,"none"
136,"Argentina","15079019",,"none","15079019","Soya-bean oil and its fractions, whether or not refined, but not chemically modified. - Other. -- Other. --- Los demás.","Soya-bean oil and its fractions (-). Los demás","Soybeans",4,"none"
140,"Argentina","15079090",,"none","15079090","Soya-bean oil and its fractions, whether or not refined, but not chemically modified. - Other. -- Other. --- Los demás.","Soya-bean oil and its fractions (-). Los demás","Soybeans",4,"none"
145,"Argentina","15152100",,"none","15152100","Other fixed vegetable fats and oils (including jojoba oil) and their fractions, whether or not refined, but not chemically modified. - Maize (corn) oil and its fractions : -- Crude oil. --- No suministrada.","(-) Maize (corn) crude oil. No suministrada","Maize",3,"none"
148,"Argentina","15152910",,"HS2007","15152910","Other fixed vegetable fats and oils (including jojoba oil) and their fractions, whether or not refined, but not chemically modified. - Maize (corn) oil and its fractions : -- Other. --- Refinado en envases con capacidad inferior o igual a 5 l.","(-) Maize (corn) oil and its fractions (-).  Refinado en envases con capacidad inferior o igual a 5 l","Maize",3,"none"
149,"Argentina","15152990",,"HS2007","15152990","Other fixed vegetable fats and oils (including jojoba oil) and their fractions, whether or not refined, but not chemically modified. - Maize (corn) oil and its fractions : -- Other. --- Los demás","(-) Maize (corn) oil and its fractions (-). Los demás","Maize",3,"none"
150,"Argentina","19041000",,"HS2007","19041000","Prepared foods obtained by the swelling or roasting of cereals or cereal products (for example, corn flakes); cereals (other than maize (corn)) in grain form or in the form of flakes or other worked grains (except flour, groats and meal), pre-cooked, or o","(-) Prepared foods obtained by the swelling or roasting of cereals or cereal products","Wheat + Maize + Rice",11,"none"
152,"Argentina","19043000",,"HS2007","19043000","Prepared foods obtained by the swelling or roasting of cereals or cereal products (for example, corn flakes); cereals (other than maize (corn)) in grain form or in the form of flakes or other worked grains (except flour, groats and meal), pre-cooked, or o","Prepared foods obtained by the swelling or roasting of cereals; pre-cooked or otherwise prepared grains, flakes or other worked grains (except  flour, groats and meal) of cereals. Bulgur wheat","Wheat",1,"none"
158,"Argentina","23020012",,"HS2007","23020012","Brans, sharps and other residues of wheat","Bran, sharps and other residues derived from the sifting, milling or other working of wheat","Wheat",1,"none"
159,"Argentina","23020013",,"none","23020013","Brans, sharps and other residues of other cereals","Bran, sharps and other residues derived from the sifting, milling or other working of other cereals","Wheat + Maize",8,"none"
164,"Argentina","23040010",,"HS2007","23040010","Oil-cake and other solid residues, whether or not ground or in the form of pellets, resulting from the extraction of soyabean oil. - Harina y «pellets».","Oil-cake and other solid residues resulting from the extraction of soybean oil","Soybeans",4,"none"
165,"Argentina","23040090",,"HS2007","23040090","Oil-cake and other solid residues, whether or not ground or in the form of pellets, resulting from the extraction of soyabean oil. - Los demás.","Oil-cake and other solid residues resulting from the extraction of soybean oil","Soybeans",4,"none"
169,"Argentina","none",,"none","ARGR001","Wheat","Wheat","Wheat",1,"ARGR001"
320,"Brazil","none",,"none","BRAX001","Coarse grains","Coarse grains","Maize + Rice",9,"BRAX001"
322,"Brazil","none",,"none","BRAX015","Preparations of cereals, flour of milk and pastrycook poducts","Paddy rice","Wheat + Maize + Rice",11,"BRAX015"
323,"Brazil","none",,"none","BRAX002","Vegetable oils","Vegetable oils","Maize + Soybeans",10,"BRAX002"
489,"Canada","none",,"none","CANX002","Coarse grains","Coarse grains","Wheat + Maize + Rice",11,"CANX002"
495,"Canada","none",,"none","CANX001","Wheat and wheat flour","Wheat or meslin flour. Brown wheaten meal produced by the milling of whole grains...","Wheat",1,"CANX001"
497,"China","10011000",,"HS2007","10011000","Wheat and meslin. - Durum wheat.","(-) Durum wheat","Wheat",1,"none"
498,"China","1001100001",,"none","1001100001","Wheat and meslin. - Durum wheat.","(-) Durum wheat","Wheat",1,"none"
499,"China","1001100090",,"none","1001100090","Wheat and meslin. - Durum wheat.","(-) Durum wheat ","Wheat",1,"none"
500,"China","10019010",,"HS2007","10019010","Wheat and meslin. - Other. -- Seed.","Wheat and meslin (-) Seed","Wheat",1,"none"
501,"China","1001901001",,"none","1001901001","Wheat and meslin. - Other. -- Seed.","(-) Durum wheat seed","Wheat",1,"none"
502,"China","1001901090",,"none","1001901090","Wheat and meslin. - Other. -- Seed.","(-) Durum wheat seed","Wheat",1,"none"
503,"China","10019090",,"HS2007","10019090","Wheat and meslin. - Other. -- Other.","Wheat and meslin (-)","Wheat",1,"none"
504,"China","1001909000",,"none","1001909000","Wheat and meslin. - Other. -- Other.","Wheat and meslin (-)","Wheat",1,"none"
505,"China","1001909001",,"none","1001909001","Wheat and meslin. - Other. -- Other.","Wheat and meslin (-)","Wheat",1,"none"
506,"China","1001909090",,"none","1001909090","Wheat and meslin, other","Wheat and meslin (-)","Wheat",1,"none"
507,"China","10051000",,"HS2007","10051000","Maize (corn). - Seed.","Maize (corn) seed","Maize",3,"none"
508,"China","1005100001",,"none","1005100001","Maize (corn). - Seed.","Maize (corn) seed","Maize",3,"none"
509,"China","1005100090",,"none","1005100090","Maize (corn). - Seed.","Maize (corn) seed","Maize",3,"none"
510,"China","10059000",,"HS2007","10059000","Maize (corn). - Other.","Maize (corn)","Maize",3,"none"
511,"China","1005900001",,"none","1005900001","Maize (corn). - Other.","Maize (corn)","Maize",3,"none"
512,"China","1005900090",,"none","1005900090","Maize (corn). - Other.","Maize (corn)","Maize",3,"none"
513,"China","10061011",,"HS2007","10061011","Rice. - Rice in the husk (paddy or rough). --- Seed. ---- Long grain.","(-) Long grain rice in the husk (paddy or rough) seed","Rice",2,"none"
514,"China","1006101101",,"none","1006101101","Rice. - Rice in the husk (paddy or rough). --- Seed. ---- Long grain.","(-) Rice in the husk (paddy or rough). Shien rice seed","Rice",2,"none"
515,"China","1006101190",,"none","1006101190","Rice. - Rice in the husk (paddy or rough). --- Seed. ---- Long grain.","(-) Rice in the husk (paddy or rough). Shien rice seed","Rice",2,"none"
516,"China","10061019",,"HS2007","10061019","Rice. - Rice in the husk (paddy or rough). --- Seed. ---- Other.","(-) Rice in the husk (paddy or rough) seed","Rice",2,"none"
517,"China","1006101901",,"none","1006101901","Rice. - Rice in the husk (paddy or rough). --- Seed. ---- Other.","(-) Rice in the husk (paddy or rough). Seed","Rice",2,"none"
518,"China","1006101990",,"none","1006101990","Rice. - Rice in the husk (paddy or rough). --- Seed. ---- Other.","(-) Rice in the husk (paddy or rough). Seed","Rice",2,"none"
519,"China","10061091",,"HS2007","10061091","Rice. - Rice in the husk (paddy or rough). --- Other. ---- Long grain.","(-) Long grain rice in the husk (paddy or rough)","Rice",2,"none"
520,"China","1006109101",,"none","1006109101","Rice. - Rice in the husk (paddy or rough). --- Other. ---- Long grain.","(-) Rice in the husk (paddy or rough). Shien rice (long grain, non-glutinous rice)","Rice",2,"none"
521,"China","1006109190",,"none","1006109190","Rice. - Rice in the husk (paddy or rough). --- Other. ---- Long grain.","(-) Rice in the husk (paddy or rough). Shien rice (long grain, non-glutinous rice)","Rice",2,"none"
522,"China","10061099",,"HS2007","10061099","Rice. - Rice in the husk (paddy or rough). --- Other. ---- Other.","(-) Rice in the husk (paddy or rough) (-)","Rice",2,"none"
523,"China","1006109901",,"none","1006109901","Rice. - Rice in the husk (paddy or rough). --- Other. ---- Other.","(-) Rice in the husk (paddy or rough)","Rice",2,"none"
524,"China","1006109990",,"none","1006109990","Rice. - Rice in the husk (paddy or rough). --- Other. ---- Other.","(-) Rice in the husk (paddy or rough)","Rice",2,"none"
525,"China","10062010",,"HS2007","10062010","Rice. - Husked (brown) rice. --- Long grain.","(-) Husked (brown) rice. Long grain","Rice",2,"none"
526,"China","1006201001",,"none","1006201001","Rice. - Husked (brown) rice. --- Long grain.","(-) Husked (brown) rice. Shien rice (long grain, non-glutinous rice)","Rice",2,"none"
527,"China","1006201090",,"none","1006201090","Rice. - Husked (brown) rice. --- Long grain.","(-) Husked (brown) rice. Shien rice (long grain, non-glutinous rice)","Rice",2,"none"
528,"China","10062090",,"HS2007","10062090","Rice. - Husked (brown) rice. --- Other.","(-) Husked (brown) rice","Rice",2,"none"
529,"China","1006209001",,"none","1006209001","Rice. - Husked (brown) rice. --- Other.","(-) Husked (brown) rice","Rice",2,"none"
530,"China","1006209090",,"none","1006209090","Rice. - Husked (brown) rice. --- Other.","(-) Husked (brown) rice","Rice",2,"none"
531,"China","10063010",,"HS2007","10063010","Rice. - Semi-milled or wholly milled rice, whether or not polished or glazed. --- Long grain.","(-) Semi/wholly milled long grain rice","Rice",2,"none"
532,"China","1006301001",,"none","1006301001","Rice. - Semi-milled or wholly milled rice, whether or not polished or glazed.","(-) Semi/wholly milled Shien rice (long grain, non-glutinous rice)","Rice",2,"none"
533,"China","1006301090",,"none","1006301090","Rice. - Semi-milled or wholly milled rice, whether or not polished or glazed. --- Long grain.","(-) Semi/wholly milled Shien rice (long grain, non-glutinous rice)","Rice",2,"none"
534,"China","10063090",,"HS2007","10063090","Rice. - Semi-milled or wholly milled rice, whether or not polished or glazed. --- Other.","(-) Semi/wholly milled rice","Rice",2,"none"
535,"China","1006309001",,"none","1006309001","Rice. - Semi-milled or wholly milled rice, whether or not polished or glazed. --- Other.","(-) Semi/wholly milled Shien rice (long grain, non-glutinous rice)","Rice",2,"none"
536,"China","1006309090",,"none","1006309090","Rice. - Semi-milled or wholly milled rice, whether or not polished or glazed. --- Other.","(-) Semi/wholly milled Shien rice (long grain, non-glutinous rice)","Rice",2,"none"
537,"China","10064010",,"HS2007","10064010","Rice. - Broken rice. --- Long grain.","(-) Long grain broken rice","Rice",2,"none"
538,"China","1006401001",,"none","1006401001","Rice. - Broken rice. --- Long grain.","(-) Broken Shien (long grain, non-glutinous rice) rice","Rice",2,"none"
539,"China","1006401090",,"none","1006401090","Rice. - Broken rice. --- Long grain.","(-) Broken Shien (long grain, non-glutinous rice) rice","Rice",2,"none"
540,"China","10064090",,"HS2007","10064090","Rice. - Broken rice. --- Other.","(-) Broken rice","Rice",2,"none"
541,"China","1006409001",,"none","1006409001","Rice. - Broken rice. --- Other.","(-) Broken Shien (long grain, non-glutinous rice) rice","Rice",2,"none"
542,"China","1006409090",,"none","1006409090","Rice. - Broken rice. --- Other.","(-) Broken Shien (long grain, non-glutinous rice) rice","Rice",2,"none"
543,"China","11010000",,"HS2007","11010000","Wheat or meslin flour.","Wheat or meslin flour","Wheat",1,"none"
544,"China","1101000001",,"none","1101000001","Wheat or meslin flour.","Wheat or meslin flour","Wheat",1,"none"
545,"China","1101000090",,"none","1101000090","Wheat or meslin flour.","Wheat or meslin flour","Wheat",1,"none"
546,"China","11022000",,"HS2007","11022000","Cereal flours other than of wheat or meslin. - Maize (corn) flour.","(-) Maize (corn) flour","Maize",3,"none"
547,"China","1102200001",,"none","1102200001","Cereal flours other than of wheat or meslin. - Maize (corn) flour.","Maize (corn) flour","Maize",3,"none"
548,"China","1102200090",,"none","1102200090","Cereal flours other than of wheat or meslin. - Maize (corn) flour.","Maize (corn) flour","Maize",3,"none"
549,"China","11029011",,"HS2007","11029011","Cereal flours other than of wheat or meslin. - Other. - Other: -- Rice flour: --- Of long grain.","(-) Long grain rice flour ","Rice",2,"none"
550,"China","1102901101",,"none","1102901101","Shien rice (long grain non-glutinous rice flour)","(-) Shien rice (long grain, non-glutinous rice) flour ","Rice",2,"none"
551,"China","1102901190",,"none","1102901190","Shien rice (long grain non-glutinous rice flour)","(-) Shien rice (long grain, non-glutinous rice) flour ","Rice",2,"none"
552,"China","11029019",,"HS2007","11029019","Cereal flours other than of wheat or meslin. - Other. - Other: -- Rice flour: --- Other.","(-) Rice flour ","Rice",2,"none"
553,"China","1102901901",,"none","1102901901","Shien rice (long grain non-glutinous rice flour)","(-) Shien rice (long grain, non-glutinous rice) flour ","Rice",2,"none"
554,"China","1102901990",,"none","1102901990","Shien rice (long grain non-glutinous rice flour)","(-) Shien rice (long grain, non-glutinous rice) flour ","Rice",2,"none"
555,"China","11029090",,"none","11029090","Cereal flours","(-) Other cereal flour","Rice",2,"none"
556,"China","11031100",,"HS2007","11031100","Cereal groats, meal and pellets. - Groats and meal : -- Of wheat.","(-) Groats and meal of wheat","Wheat",1,"none"
557,"China","1103110001",,"none","1103110001","Wheat groats and meal","(-) Groats and meal of wheat","Wheat",1,"none"
558,"China","1103110090",,"none","1103110090","Wheat groats and meal","(-) Groats and meal of wheat","Wheat",1,"none"
559,"China","11031300",,"HS2007","11031300","Cereal groats, meal and pellets. - Groats and meal : -- Of maize (corn).","(-) Groats and meal of maize (corn)","Maize",3,"none"
560,"China","1103130001",,"none","1103130001","Maize (corn) groats and meal","(-) Groats and meal of maize (corn)","Maize",3,"none"
561,"China","1103130090",,"none","1103130090","Maize (corn) groats and meal","(-) Groats and meal of maize (corn)","Maize",3,"none"
562,"China","11031910",,"none","11031910","Shien rice (long grain non-glutinous rice) groats and meal","(-) Groats and meal of Shien rice (long grain, non-glutinous rice)","Rice",2,"none"
563,"China","11031921",,"HS2007","11031921","Cereal groats, meal and pellets. - Groats and meal : -- Of other cereals. --- Of rice: ---- Of long grain.","(-) Groats and meal of long grain rice ","Rice",2,"none"
564,"China","1103192101",,"none","1103192101","Shien rice (long grain non-glutinous rice) groats and meal","(-) Groats and meal of Shien rice (long grain, non-glutinous rice)","Rice",2,"none"
565,"China","1103192190",,"none","1103192190","Shien rice (long grain non-glutinous rice) groats and meal","(-) Groats and meal of Shien rice (long grain, non-glutinous rice)","Rice",2,"none"
566,"China","11031929",,"HS2007","11031929","Cereal groats, meal and pellets. - Groats and meal : -- Of other cereals. --- Of rice: ---- Other.","(-) Groats and meal of rice","Rice",2,"none"
567,"China","1103192901",,"none","1103192901","Shien rice (long grain non-glutinous rice) groats and meal","(-) Groats and meal of Shien rice (long grain, non-glutinous rice)","Rice",2,"none"
568,"China","1103192990",,"none","1103192990","Shien rice (long grain non-glutinous rice) groats and meal","(-) Groats and meal of Shien rice (long grain, non-glutinous rice)","Rice",2,"none"
569,"China","11031990",,"none","11031990","Shien rice (long grain non-glutinous rice) groats and meal","(-) Groats and meal of Shien rice (long grain, non-glutinous rice)","Rice",2,"none"
573,"China","11041910",,"none","11041910","Rolled or flaked maize","(-) Rolled or flaked grains of maize (corn)","Maize",3,"none"
574,"China","11041990",,"HS2007","11041990","Cereal grains otherwise worked (for example, hulled, rolled, flaked, pearled, sliced or kibbled), except rice of heading 10.06; germ of cereals, whole, rolled, flaked or ground. - Rolled or flaked grains: -- Of other cereals. --- Other.","(-) Rolled or flaked grains of other cereals","Wheat + Maize + Rice",11,"none"
575,"China","1104199010",,"none","1104199010","Rolled or flaked maize","(-) Rolled or flaked grains of maize (corn)","Maize",3,"none"
576,"China","11042300",,"HS2007","11042300","Cereal grains otherwise worked (for example, hulled, rolled, flaked, pearled, sliced or kibbled), except rice of heading 10.06; germ of cereals, whole, rolled, flaked or ground. - Other worked grains (for example, hulled, pearled, sliced or kibbled): -- O","(-) Other worked grains (i.e hulled, pearled, sliced or kibbled) of maize (corn)","Maize",3,"none"
577,"China","1104230001",,"none","1104230001","Maize (corn) otherwise worked","(-) Other worked grains (i.e hulled, pearled, sliced or kibbled) of maize (corn)","Maize",3,"none"
578,"China","1104230090",,"none","1104230090","Maize (corn) otherwise worked","(-) Other worked grains (i.e hulled, pearled, sliced or kibbled) of maize (corn)","Maize",3,"none"
579,"China","11042990",,"HS2007","11042990","Cereal grains otherwise worked (for example, hulled, rolled, flaked, pearled, sliced or kibbled), except rice of heading 10.06; germ of cereals, whole, rolled, flaked or ground. - Other worked grains (for example, hulled, pearled, sliced or kibbled): -- O","(-) Other worked grains (i.e hulled, pearled, sliced or kibbled) of other cereals","Wheat + Rice",12,"none"
580,"China","11043000",,"HS2007","11043000","Cereal grains otherwise worked (for example, hulled, rolled, flaked, pearled, sliced or kibbled), except rice of heading 10.06; germ of cereals, whole, rolled, flaked or ground. - Germ of cereals, whole, rolled, flaked or ground.","(-) Germ of cereals, whole, rolled, flaked or ground","Wheat + Maize + Rice",11,"none"
581,"China","11081100",,"HS2007","11081100","Starches; inulin. - Starches : -- Wheat starch.","(-) Starches of wheat","Wheat",1,"none"
582,"China","11081200",,"HS2007","11081200","Starches; inulin. - Starches : -- Maize (corn) starch.","(-) Starches of maize (corn)","Maize",3,"none"
583,"China","1108120000",,"none","1108120000","Starches; inulin. - Starches : -- Maize (corn) starch.","(-) Starches of maize (corn)","Maize",3,"none"
586,"China","12010010",,"HS2007","12010010","Soya beans, whether or not broken. - Seed.","Soya beans seed","Soybeans",4,"none"
587,"China","12010091",,"HS2007","12010091","Soya beans, whether or not broken. - Other: -- Yellow soya beans.","(-) Yellow soya beans","Soybeans",4,"none"
588,"China","12010092",,"HS2007","12010092","Soya beans, whether or not broken. - Other: -- Black soya beans","(-) Black soya beans","Soybeans",4,"none"
589,"China","12010093",,"HS2007","12010093","Soya beans, whether or not broken. - Other: -- Green soya beans","(-) Green soya beans","Soybeans",4,"none"
590,"China","12010099",,"HS2007","12010099","Soya beans, whether or not broken. - Other: -- Other","Soya beans (-) ","Soybeans",4,"none"
591,"China","12081000",,"HS2007","12081000","Flours and meals of oil seeds or oleaginous fruits, other than those of mustard. - Of soya beans.","Flours and meals of soya beans","Soybeans",4,"none"
592,"China","15071000",,"HS2007","15071000","Soya-bean oil and its fractions, whether or not refined, but not chemically modified. - Crude oil, whether or not degummed.","(-) Crude oil of soya-bean","Soybeans",4,"none"
593,"China","15079000",,"HS2007","15079000","Soya-bean oil and its fractions, whether or not refined, but not chemically modified. - Other.","Soya-bean oil and its fractions","Soybeans",4,"none"
594,"China","15152100",,"HS2007","15152100","Other fixed vegetable fats and oils (including jojoba oil) and their fractions, whether or not refined, but not chemically modified. - Maize (corn) oil and its fractions : -- Crude oil.","(-) Maize (corn) crude oil","Maize",3,"none"
595,"China","15152900",,"HS2007","15152900","Other fixed vegetable fats and oils (including jojoba oil) and their fractions, whether or not refined, but not chemically modified. - Maize (corn) oil and its fractions : -- Other.","(-) Maize (corn) oil and its fractions","Maize",3,"none"
615,"China","none",,"none","CHNR002","Cereal flours other than of wheat or meslin, Rice flour; Cereal groats, meal and pellets. - Groats and meal : Of rice","Cereal flours other than of wheat or meslin, Rice flour; Cereal groats, meal and pellets. - Groats and meal : Of rice","Rice",2,"CHNR002"
623,"China","none",,"none","CHNR001","Wheat and Maize","Wheat and Maize","Wheat + Maize",8,"CHNR001"
943,"European Union","none",,"none","EECX002","Coarse grains","Coarse grains","Wheat + Maize + Rice",11,"EECX002"
954,"European Union","none",,"none","EECX003","Rice","Quality wheat","Rice",2,"EECX003"
956,"European Union","none",,"none","EECX001","Wheat and wheat flour","Wheat or meslin flour. De trigo","Wheat",1,"EECX001"
967,"India","10011010",,"none","10011010","Durum wheat","(-) Durum wheat","Wheat",1,"none"
968,"India","10011090",,"none","10011090","Durum wheat","(-) Durum wheat","Wheat",1,"none"
971,"India","10019010",,"none","10019010","Spelt, common wheat and meslin","Wheat and meslin (-) ","Wheat",1,"none"
972,"India","10019020",,"none","10019020","Spelt, common wheat and meslin","Wheat and meslin (-) ","Wheat",1,"none"
973,"India","10019031",,"none","10019031","Spelt, common wheat and meslin","Wheat and meslin (-) ","Wheat",1,"none"
974,"India","10019039",,"none","10019039","Spelt, common wheat and meslin","Wheat and meslin (-) ","Wheat",1,"none"
978,"India","10051000",,"HS2012","10051000","Maize (corn). - Seed.","Maize (corn) seed","Maize",3,"none"
979,"India","10059000",,"HS2012","10059000","Maize (corn). - Other.","Maize (corn)","Maize",3,"none"
980,"India","10061010",,"HS2012","10061010","Rice. - Rice in the husk (paddy or rough). -- Of seed quality.","(-) Rice in the husk (paddy or rough) of seed quality","Rice",2,"none"
981,"India","10061090",,"HS2012","10061090","Rice. - Rice in the husk (paddy or rough). -- Other.","(-) Rice in the husk (paddy or rough) ","Rice",2,"none"
982,"India","10062000",,"HS2012","10062000","Rice. - Husked (brown) rice.","(-) Husked (brown) rice","Rice",2,"none"
983,"India","10063010",,"HS2012","10063010","Rice. - Semi-milled or wholly milled rice, whether or not polished or glazed. -- Parboiled.","(-) Semi/wholly milled parboiled rice","Rice",2,"none"
984,"India","10063020",,"HS2012","10063020","Rice. - Semi-milled or wholly milled rice, whether or not polished or glazed. -- Basmati.","(-) Semi/wholly milled Basmati rice","Rice",2,"none"
985,"India","10063090",,"HS2012","10063090","Rice. - Semi-milled or wholly milled rice, whether or not polished or glazed. -- Other.","(-) Semi/wholly milled rice","Rice",2,"none"
986,"India","10064000",,"HS2012","10064000","Rice. - Broken rice.","Rice. - Broken rice","Rice",2,"none"
1034,"India","none",,"none","INDR004","Edible oils","Edible oils","Maize + Soybeans",10,"INDR004"
1037,"India","none",,"none","INDR003","Non-basmati rice","Non-basmati rice","Rice",2,"INDR003"
1038,"India","none",,"none","INDR002","Rice in the husk (paddy or rough): Of seed quality, other; Husked (brown) rice; Semi-milled or wholly milled rice, whether or not polished or glazed; Rice, parboiled and other; Broken Rice","Rice in the husk (paddy or rough): Of seed quality, other; Husked (brown) rice; Semi-milled or wholly milled rice, whether or not polished or glazed; Rice, parboiled and other; Broken Rice","Rice",2,"INDR002"
1039,"India","none",,"none","INDR001","Wheat","Wheat","Wheat",1,"INDR001"
1048,"Indonesia","1006100000",,"HS2007","1006100000","Rice. - Rice in the husk (paddy or rough).","(-) Rice in the husk (paddy or rough)","Rice",2,"none"
1053,"Indonesia","1006301900",,"HS2007","1006301900","Rice. - Semi-milled or wholly milled rice, whether or not polished or glazed. -- Fragrant rice : --- Other","(-) Semi/wholly milled fragrant rice","Rice",2,"none"
1055,"Indonesia","1006303000",,"HS2007","1006303000","Rice. - Semi-milled or wholly milled rice, whether or not polished or glazed. -- Glutinous rice (pulot).","(-) Semi/wholly milled glutinous rice","Rice",2,"none"
1056,"Indonesia","1006309000",,"HS2007","1006309000","Rice. - Semi-milled or wholly milled rice, whether or not polished or glazed. -- Other.","(-) Semi/wholly milled rice","Rice",2,"none"
1105,"Indonesia","none",,"none","IDNX001","Rice","Rice","Rice",2,"IDNX001"
1262,"Mexico","none",,"none","MEXX001","Maize","Maize","Maize",3,"MEXX001"
1265,"Mexico","none",,"none","MEXX003","Wheat","Wheat","Wheat",1,"MEXX003"
1726,"South Africa","none",,"none","ZAFX025","Maize and maize products","Maize and maize products","Maize",3,"ZAFX025"
1729,"South Africa","none",,"none","ZAFX027","Oilseeds","Oilseeds","Soybeans",4,"ZAFX027"
1731,"South Africa","none",,"none","ZAFX031","Vegetable oils","Vegetable oils","Soybeans",4,"ZAFX031"
1732,"South Africa","none",,"none","ZAFX022","Wheat and wheat products","(-) Wheat flour","Wheat",1,"ZAFX022"
1812,"Thailand","none",,"none","THAX099","Rice","Rice","Rice",2,"THAX099"
1948,"Turkey","none",,"none","TURX025","Maize","Maize","Maize",3,"TURX025"
1949,"Turkey","none",,"none","TURX032","Maize oil (Refined)","Maize oil (Refined)","Maize",3,"TURX032"
1950,"Turkey","none",,"none","TURX027","Semolina","Semolina","Wheat",1,"TURX027"
1951,"Turkey","none",,"none","TURX023","Wheat","Wheat","Wheat",1,"TURX023"
1952,"Turkey","none",,"none","TURX026","Wheat flour","(-) Wheat flour","Wheat",1,"TURX026"
2066,"Ukraine","none",,"none","UKRR002","Durum wheat (except for sowing); other wheat and meslin (except for sowing)","(-) Durum wheat","Wheat",1,"UKRR002"
2068,"Ukraine","none",,"none","UKRR001","Maize","Maize","Maize",3,"UKRR001"
2166,"United States of America","none",,"none","USAX003","Rice","Rice","Rice",2,"USAX003"
2167,"United States of America","none",,"none","USAX004","Vegetable oils","Vegetable oils","Soybeans",4,"USAX004"
2168,"United States of America","none",,"none","USAX001","Wheat","Wheat","Wheat",1,"USAX001"
2249,"Viet Nam","none",,"none","VNMR001","Rice","Rice","Rice",2,"VNMR001"
