"Commodity_ID","Country_Name","HS_Code","HS_suffix","HS_version","Target_Code","description","short_description","CommodityClass_Name","CommodityClass_Code","Shared_Group_Code"
70,,"220710",,"none","220710","Undenatured ethyl alcohol of an alcoholic strength by volume of 80 % vol. or higher","Undenatured ethyl alcohol of an alcoholic strength of 80% vol or higher","Ethanol",5,"none"
71,,"220720",,"none","220720","Ethyl alcohol and Other spirits, denatured, of any strength","Ethyl alcohol and other spirits, denatured, of any strength","Ethanol",5,"none"
82,,"382600",,"none","382600","Biodiesel and mixtures thereof, not containing or containing less than 70 % by weight of petroleum oils or oils obtained from bituminous minerals","Biodiesel and mixtures thereof","Biodiesel",6,"none"
154,"Argentina","22071000","1","HS2007","22071000","Undenatured ethyl alcohol of an alcoholic strength by volume of 80 % vol. or higher","Undenatured ethyl alcohol of an alcoholic strength of 80% vol or higher","Ethanol",5,"none"
155,"Argentina","22071000","2","HS2007","22071000","Undenatured ethyl alcohol of an alcoholic strength by volume of 80 % vol. or higher","Undenatured ethyl alcohol of an alcoholic strength of 80% vol or higher","Ethanol",5,"none"
156,"Argentina","22072010","1","HS2007","22072010","Ethyl alcohol and Other spirits, denatured, of any strength","Ethyl alcohol and other spirits, denatured, of any strength","Ethanol",5,"none"
157,"Argentina","22072010","2","HS2007","22072010","Ethyl alcohol and Other spirits, denatured, of any strength","Ethyl alcohol and other spirits, denatured, of any strength","Ethanol",5,"none"
166,"Argentina","38249089",,"HS2007","38249089","Prepared binders for foundry moulds or cores; chemical products and preparations of the chemical or allied industries (including those consisting of mixtures of natural products), not elsewhere specified or included- Other-Los demás","Prepared binders for foundry moulds or cores. (-) Los demás","Biodiesel",6,"none"
206,"Australia","22071000",,"HS2012","22071000","Undenatured ethyl alcohol of an alcoholic strength by volume of 80 % vol. or higher","Undenatured ethyl alcohol of an alcoholic strength of 80% vol or higher","Ethanol",5,"none"
207,"Australia","22072010",,"HS2012","22072010","Ethyl alcohol and Other spirits, denatured, of any strength----Ethanol for use as fuel in an internal combustion engine","(-) Ethanol for use as fuel in an internal combustion engine","Ethanol",5,"none"
212,"Australia","38260010",,"HS2012","38260010","Biodiesel and mixtures thereof, not containing or containing less than 70 % by weight of petroleum oils or oils obtained from bituminous minerals----Biodiesel, other than goods of 2710 or 3826.00.20","(-) Biodiesel, other than goods of 2710 or 3826.00.20","Biodiesel",6,"none"
213,"Australia","38260020",,"HS2012","38260020","Biodiesel and mixtures thereof, not containing or containing less than 70 % by weight of petroleum oils or oils obtained from bituminous minerals----Mixtures of biodiesel and other substances, not being blends classified to 2710","(-) Mixtures of biodiesel and other substances, not being blends classified to 2710","Biodiesel",6,"none"
301,"Brazil","22071010",,"HS2012","22071010","Undenatured ethyl alcohol of an alcoholic strength by volume of 80 % vol. or higher","Undenatured ethyl alcohol of an alcoholic strength of 80% vol or higher","Ethanol",5,"none"
302,"Brazil","22071090",,"HS2012","22071090","Undenatured ethyl alcohol of an alcoholic strength by volume of 80 % vol. or higher","Undenatured ethyl alcohol of an alcoholic strength of 80% vol or higher","Ethanol",5,"none"
304,"Brazil","22072011",,"HS2012","22072011","Ethyl alcohol and Other spirits, denatured, of any strength","Ethyl alcohol and other spirits, denatured, of any strength","Ethanol",5,"none"
305,"Brazil","22072019",,"HS2012","22072019","Ethyl alcohol and Other spirits, denatured, of any strength","Ethyl alcohol and other spirits, denatured, of any strength","Ethanol",5,"none"
306,"Brazil","22072020",,"HS2012","22072020","Ethyl alcohol and Other spirits, denatured, of any strength","Ethyl alcohol and other spirits, denatured, of any strength","Ethanol",5,"none"
317,"Brazil","38260000",,"HS2012","38260000","Biodiesel and mixtures thereof, not containing or containing less than 70 % by weight of petroleum oils or oils obtained from bituminous minerals","Biodiesel and mixtures thereof","Biodiesel",6,"none"
474,"Canada","22071090",,"HS2012","22071090","Undenatured ethyl alcohol of an alcoholic strength by volume of 80 % vol. or higher-Other","Undenatured ethyl alcohol of an alcoholic strength of 80% vol or higher","Ethanol",5,"none"
475,"Canada","22072011",,"HS2012","22072011","Ethyl alcohol and Other spirits, denatured, of any strength-Ethyl alcohol: Specially denatured alcohol, within the meaning of the Excise Act, 2001","(-) Ethyl alcohol specially denatured, within the meaning of the Excise Act, 2001","Ethanol",5,"none"
476,"Canada","22072012",,"HS2012","22072012","Ethyl alcohol and Other spirits, denatured, of any strength-Ethyl alcohol: Denatured alcohol, within the meaning of the Excise Act, 2001","(-) Ethyl alcohol, denatured within the meaning of the Excise Act, 2001","Ethanol",5,"none"
477,"Canada","22072019",,"HS2012","22072019","Ethyl alcohol and Other spirits, denatured, of any strength-Ethyl alcohol: Other","(-) Ethyl alcohol ","Ethanol",5,"none"
478,"Canada","22072090",,"HS2012","22072090","Ethyl alcohol and Other spirits, denatured, of any strength-Other","Ethyl alcohol and other spirits, denatured, of any strength","Ethanol",5,"none"
485,"Canada","38260000",,"HS2012","38260000","Biodiesel and mixtures thereof, not containing or containing less than 70 % by weight of petroleum oils or oils obtained from bituminous minerals","Biodiesel and mixtures thereof","Biodiesel",6,"none"
486,"Canada","none",,"none","BF486","Biodiesel","Biodiesel","Biodiesel",6,"none"
490,"Canada","none",,"none","BF490","Ethanol","Ethanol","Ethanol",5,"none"
600,"China","22071000",,"HS2007","22071000","Undenatured ethyl alcohol of an alcoholic strength by volume of 80 % vol. or higher","Undenatured ethyl alcohol of an alcoholic strength of 80% vol or higher","Ethanol",5,"none"
601,"China","2207100000",,"none","2207100000","Undenatured ethyl alcohol of an alcoholic strength by volume of 80 % vol. or higher","Undenatured ethyl alcohol of an alcoholic strength of 80% vol or higher","Ethanol",5,"none"
602,"China","22072000",,"HS2007","22072000","Ethyl alcohol and Other spirits, denatured, of any strength","Ethyl alcohol and other spirits, denatured, of any strength","Ethanol",5,"none"
603,"China","2207200010",,"none","2207200010","Ethyl alcohol and Other spirits, denatured, of any strength. Modified ethanol","(-) Modified ethanol","Ethanol",5,"none"
604,"China","2207200090",,"none","2207200090","Ethyl alcohol and Other spirits, denatured, of any strength. All other types of alcohol","Ethyl alcohol and other spirits, denatured, of any strength","Ethanol",5,"none"
610,"China","38249010",,"HS2007","38249010","Prepared binders for foundry moulds or cores; chemical products and preparations of the chemical or allied industries (including those consisting of mixtures of natural products), not elsewhere specified or included- Other-- - - Fusel oil","(-) Fusel oil","Biodiesel",6,"none"
611,"China","3824901000",,"none","3824901000","Prepared binders for foundry moulds or cores; chemical products and preparations of the chemical or allied industries (including those consisting of mixtures of natural products), not elsewhere specified or included- Other---fusel oil","(-) Fusel oil","Biodiesel",6,"none"
612,"China","38249030",,"HS2007","38249030","Prepared binders for foundry moulds or cores; chemical products and preparations of the chemical or allied industries (including those consisting of mixtures of natural products), not elsewhere specified or included- Other-- - - Carburetant","Prepared binders for foundry moulds or cores.(-) Carburetant","Biodiesel",6,"none"
613,"China","3824903000",,"none","3824903000","Prepared binders for foundry moulds or cores; chemical products and preparations of the chemical or allied industries (including those consisting of mixtures of natural products), not elsewhere specified or included- Other---Carburetant","Prepared binders for foundry moulds or cores.(-) Carburetant","Biodiesel",6,"none"
677,"Egypt","2207109000",,"HS2007","2207109000","Undenatured ethyl alcohol of an alcoholic strength by volume of 80 % vol or higher, not pharmacopoeial.","Undenatured ethyl alcohol of an alcoholic strength of 80% vol or higher, not pharmacopoeial","Ethanol",5,"none"
683,"Egypt","3824900090",,"HS2007","3824900090","Prepared binders for foundry moulds or cores; chemical products and preparations of the chemical or allied industries (including those consisting of mixtures of natural products), not elsewhere specified or included- Other-Other articles including to head","(-) Articles including to heading 38.24 (including mixtures of other natural products not mentioned or included in anything)","Biodiesel",6,"none"
897,"European Union","22071000",,"HS2012","22071000","Undenatured ethyl alcohol of an alcoholic strength by volume of 80 % vol. or higher","Undenatured ethyl alcohol of an alcoholic strength of 80% vol or higher","Ethanol",5,"none"
898,"European Union","22072000",,"HS2012","22072000","Ethyl alcohol and Other spirits, denatured, of any strength","Ethyl alcohol and other spirits, denatured, of any strength","Ethanol",5,"none"
929,"European Union","3824909110",,"none","3824909110","Fatty-acid monoalkyl esters and/or paraffinic gasoils from synthesis and/or hydro-treatment, of non-fossil origin (commonly known as ‘biodiesel’), whether in pure form or in a blend","Fatty-acid monoalkyl esters and/or paraffinic gasoils of non-fossil origin (commonly known as ‘biodiesel’)","Biodiesel",6,"none"
930,"European Union","3824909701",,"none","3824909701","Fatty-acid monoalkyl esters and/or paraffinic gasoils from synthesis and/or hydro-treatment, of non-fossil origin (commonly known as ‘biodiesel’), whether in pure form or in a blend","Fatty-acid monoalkyl esters and/or paraffinic gasoils of non-fossil origin (commonly known as ‘biodiesel’)","Biodiesel",6,"none"
931,"European Union","38260010",,"HS2012","38260010","Biodiesel and mixtures thereof, not containing or containing less than 70 % by weight of petroleum oils or oils obtained from bituminous minerals-- Fatty-acid mono-alkyl esters, containing by volume 96,5 % or more of esters (FAMAE)","(-) Fatty-acid mono-alkyl esters, containing by volume 96,5% or more of esters (FAMAE)","Biodiesel",6,"none"
932,"European Union","3826001000",,"none","3826001000","Biodiesel and mixtures thereof, not containing or containing less than 70% by weight of petroleum oils or oils obtained from bituminous minerals","Biodiesel and mixtures thereof","Biodiesel",6,"none"
933,"European Union","38260090",,"HS2012","38260090","Biodiesel and mixtures thereof, not containing or containing less than 70 % by weight of petroleum oils or oils obtained from bituminous minerals-- Other","Biodiesel and mixtures thereof","Biodiesel",6,"none"
934,"European Union","3826009011",,"none","3826009011","Biodiesel and mixtures thereof, not containing or containing less than 70 % by weight of petroleum oils or oils obtained from bituminous minerals - Other -- Blends containing by weight more than 20 % of fatty-acid mono-alkyl esters or of a mixture of fatt","(-) Blends containing by weight more than 20% of fatty-acid mono-alkyl esters or of a mixture of fatty-acid mono-alkyl esters and paraffinic gasoil obtained from synthesis and/or hydro-treatment, of non-fossil origin. From Canada","Biodiesel",6,"none"
935,"European Union","3826009019",,"none","3826009019","Biodiesel and mixtures thereof, not containing or containing less than 70 % by weight of petroleum oils or oils obtained from bituminous minerals - Other -- Blends containing by weight more than 20 % of fatty-acid mono-alkyl esters or of a mixture of fatt","(-) Blends containing by weight more than 20% of fatty-acid mono-alkyl esters or of a mixture of fatty-acid mono-alkyl esters and paraffinic gasoil obtained from synthesis and/or hydro-treatment, of non-fossil origin","Biodiesel",6,"none"
936,"European Union","3826009030",,"none","3826009030","Biodiesel and mixtures thereof, not containing or containing less than 70 % by weight of petroleum oils or oils obtained from bituminous minerals - Other -- Blends containing by weight more than 20 % of fatty-acid mono-alkyl esters or of a mixture of fatt","(-) Blends containing by weight 20% or less of fatty-acid mono-alkyl esters or of a mixture of fatty-acid mono-alkyl esters and paraffinic gasoil obtained from synthesis and/or hydro-treatment, of non-fossil origin","Biodiesel",6,"none"
1020,"India","22071019",,"HS2012","22071019","Undenatured ethyl alcohol of an alcoholic strength by volume of 80 % vol. or higher-Other","Undenatured ethyl alcohol of an alcoholic strength of 80% vol or higher","Ethanol",5,"none"
1021,"India","22071090",,"HS2012","22071090","Undenatured ethyl alcohol of an alcoholic strength by volume of 80 % vol. or higher-Other","Undenatured ethyl alcohol of an alcoholic strength of 80% vol or higher","Ethanol",5,"none"
1022,"India","22072000",,"HS2012","22072000","Ethyl alcohol and Other spirits, denatured, of any strength","Ethyl alcohol and other spirits, denatured, of any strength","Ethanol",5,"none"
1031,"India","38260000",,"HS2012","38260000","Biodiesel and mixtures thereof, not containing or containing less than 70 % by weight of petroleum oils or oils obtained from bituminous minerals","Biodiesel and mixtures thereof","Biodiesel",6,"none"
1032,"India","none",,"none","BF1032","Biodiesel","Biodiesel","Biodiesel",6,"none"
1035,"India","none",,"none","BF1035","Ethanol","Ethanol","Ethanol",5,"none"
1092,"Indonesia","2207100000",,"HS2007","2207100000","Undenatured ethyl alcohol of an alcoholic strength by volume of 80 % vol. or higher","Undenatured ethyl alcohol of an alcoholic strength of 80% vol or higher","Ethanol",5,"none"
1093,"Indonesia","2207201100",,"HS2007","2207201100","Ethyl alcohol and Other spirits, denatured, of any strength----Ethyl alcohol of an alcoholic strength by volume exceeding 99% vol","(-) Ethyl alcohol of an alcoholic strength by volume exceeding 99% vol","Ethanol",5,"none"
1094,"Indonesia","2207201900",,"HS2007","2207201900","Ethyl alcohol and Other spirits, denatured, of any strength----Other","Ethyl alcohol and other spirits, denatured, of any strength","Ethanol",5,"none"
1095,"Indonesia","2207209000",,"HS2007","2207209000","Ethyl alcohol and Other spirits, denatured, of any strength---Other","Ethyl alcohol and other spirits, denatured, of any strength","Ethanol",5,"none"
1100,"Indonesia","3824909000",,"HS2007","3824909000","Prepared binders for foundry moulds or cores; chemical products and preparations of the chemical or allied industries (including those consisting of mixtures of natural products), not elsewhere specified or included- Other---Other","Prepared binders for foundry moulds or cores (-)","Biodiesel",6,"none"
1193,"Japan","220710121",,"HS2012","220710121","Undenatured ethyl alcohol of an alcoholic strength by volume of 80 % vol. or higher------ Intend for use in manufacturing industrial alcohol","Undenatured ethyl alcohol of an alcoholic strength of 80% vol or higher, for use in manufacturing industrial alcohol","Ethanol",5,"none"
1194,"Japan","220710122",,"HS2012","220710122","Undenatured ethyl alcohol of an alcoholic strength by volume of 80 % vol. or higher------ Intend for use in manufacturing ethyl acetate","Undenatured ethyl alcohol of an alcoholic strength of 80% vol or higher, for use in manufacturing ethyl acetate","Ethanol",5,"none"
1195,"Japan","220710123",,"HS2012","220710123","Undenatured ethyl alcohol of an alcoholic strength by volume of 80 % vol. or higher------ Intend for use in manufacturing ethylamine","Undenatured ethyl alcohol of an alcoholic strength of 80% vol or higher, for use in manufacturing ethylamine","Ethanol",5,"none"
1196,"Japan","220710190",,"HS2012","220710190","Undenatured ethyl alcohol of an alcoholic strength by volume of 80 % vol. or higher------ B Other","Undenatured ethyl alcohol of an alcoholic strength of 80% vol or higher. B Other","Ethanol",5,"none"
1197,"Japan","220710290",,"HS2012","220710290","Undenatured ethyl alcohol of an alcoholic strength by volume of 80 % vol. or higher----- (2) Other","Undenatured ethyl alcohol of an alcoholic strength of 80% vol or higher. (2) Other","Ethanol",5,"none"
1198,"Japan","220720100",,"HS2012","220720100","Ethyl alcohol and Other spirits, denatured, of any strength--- 1 Of an alcoholic strength by volume of 90% vol or higher","Ethyl alcohol and other spirits, denatured, of an alcoholic strength by volume of 90% vol or higher","Ethanol",5,"none"
1199,"Japan","220720200",,"HS2012","220720200","Ethyl alcohol and Other spirits, denatured, of any strength--- 2 Other","Ethyl alcohol and other spirits, denatured, of any strength","Ethanol",5,"none"
1204,"Japan","382600000",,"HS2012","382600000","Biodiesel and mixtures thereof, not containing or containing less than 70 % by weight of petroleum oils or oils obtained from bituminous minerals","Biodiesel and mixtures thereof","Biodiesel",6,"none"
1212,"Kazakhstan","none",,"none","BF1212","Fuel produced from raw materials of biological origin","Biofuel","Biofuel",7,"none"
1253,"Mexico","22071001",,"HS2007","22071001","Undenatured ethyl alcohol of an alcoholic strength by volume of 80 % vol. or higher","Undenatured ethyl alcohol of an alcoholic strength of 80% vol or higher","Ethanol",5,"none"
1254,"Mexico","22072001",,"HS2007","22072001","Ethyl alcohol and Other spirits, denatured, of any strength","Ethyl alcohol and other spirits, denatured, of any strength","Ethanol",5,"none"
1259,"Mexico","38249052",,"HS2007","38249052","Prepared binders for foundry moulds or cores; chemical products and preparations of the chemical or allied industries (including those consisting of mixtures of natural products), not elsewhere specified or included- Other-Mezclas de N,N-dimetilamidas de ","Prepared binders for foundry moulds or cores. (-) Mezclas de N,N-dimetilamidas de ácidos grasos de aceite de soya","Biodiesel",6,"none"
1260,"Mexico","38249099",,"HS2007","38249099","Prepared binders for foundry moulds or cores; chemical products and preparations of the chemical or allied industries (including those consisting of mixtures of natural products), not elsewhere specified or included- Other-Los demás.","Prepared binders for foundry moulds or cores. (-) Los demás","Biodiesel",6,"none"
1304,"Nigeria","2207100000",,"HS2007","2207100000","Undenatured ethyl alcohol of an alcoholic strength by volume of 80 % vol. or higher","Undenatured ethyl alcohol of an alcoholic strength of 80% vol or higher","Ethanol",5,"none"
1305,"Nigeria","2207209000",,"HS2007","2207209000","Other, ethyl alcohol & other spirits, denatured of any strength","Ethyl alcohol and other spirits, denatured, of any strength","Ethanol",5,"none"
1310,"Nigeria","3824909000",,"HS2007","3824909000","Prepared binders for foundry moulds or cores; chemical products and preparations of the chemical or allied industries (including those consisting of mixtures of natural products), not elsewhere specified or included- Other-Other chemical products and prep","(-) Chemical products and preparations of the chemical or allied industries","Biodiesel",6,"none"
1365,"Philippines","22071000",,"HS2007","22071000","Undenatured ethyl alcohol of an alcoholic strength by volume of 80 % vol. or higher","Undenatured ethyl alcohol of an alcoholic strength of 80% vol or higher","Ethanol",5,"none"
1366,"Philippines","22072011",,"HS2007","22072011","Ethyl alcohol and Other spirits, denatured, of any strength-- - - Ethyl alcohol of an alcoholic strength by volume exceeding 99% vol","(-) Ethyl alcohol of an alcoholic strength by volume exceeding 99% vol","Ethanol",5,"none"
1367,"Philippines","22072019",,"HS2007","22072019","Ethyl alcohol and Other spirits, denatured, of any strength-- - - Other","Ethyl alcohol and other spirits, denatured, of any strength","Ethanol",5,"none"
1368,"Philippines","22072090",,"HS2007","22072090","Ethyl alcohol and Other spirits, denatured, of any strength-- - Other","Ethyl alcohol and other spirits, denatured, of any strength","Ethanol",5,"none"
1373,"Philippines","38249090","2","HS2007","38249090","Prepared binders for foundry moulds or cores; chemical products and preparations of the chemical or allied industries (including those consisting of mixtures of natural products), not elsewhere specified or included- Other-- - - Coconut methyl ester","(-) Coconut methyl ester (CME)","Biodiesel",6,"none"
1374,"Philippines","38249090","3","HS2007","38249090","Prepared binders for foundry moulds or cores; chemical products and preparations of the chemical or allied industries (including those consisting of mixtures of natural products), not elsewhere specified or included- Other-- - - Other","Prepared binders for foundry moulds or cores (-)","Biodiesel",6,"none"
1452,"Republic of Korea","2207109090",,"HS2012","2207109090","Undenatured ethyl alcohol of an alcoholic strength by volume of 80 % vol. or higher-Other","Undenatured ethyl alcohol of an alcoholic strength of 80% vol or higher","Ethanol",5,"none"
1453,"Republic of Korea","2207200000",,"HS2012","2207200000","Ethyl alcohol and Other spirits, denatured, of any strength","Ethyl alcohol and other spirits, denatured, of any strength","Ethanol",5,"none"
1458,"Republic of Korea","3826000000",,"HS2012","3826000000","Biodiesel and mixtures thereof, not containing or containing less than 70 % by weight of petroleum oils or oils obtained from bituminous minerals","Biodiesel and mixtures thereof","Biodiesel",6,"none"
1563,"Russian Federation","2207100000",,"HS2007","2207100000","Undenatured ethyl alcohol of an alcoholic strength by volume of 80 % vol. or higher","Undenatured ethyl alcohol of an alcoholic strength of 80% vol or higher","Ethanol",5,"none"
1564,"Russian Federation","2207200000",,"HS2007","2207200000","Ethyl alcohol and Other spirits, denatured, of any strength","Ethyl alcohol and other spirits, denatured, of any strength","Ethanol",5,"none"
1573,"Russian Federation","3824909809",,"HS2007","3824909809","Prepared binders for foundry moulds or cores; chemical products and preparations of the chemical or allied industries (including those consisting of mixtures of natural products), not elsewhere specified or included- Other-- - - - - other","Prepared binders for foundry moulds or cores","Biodiesel",6,"none"
1574,"Russian Federation","none",,"none","BF1574","Alcohol produced from food or non-food raw materials, including denatured ethyl alcohol","Ethanol","Ethanol",5,"none"
1634,"Saudi Arabia","22071090",,"HS2012","22071090","Undenatured ethyl alcohol of an alcoholic strength by volume of 80 % vol. or higher-- - - Other","Undenatured ethyl alcohol of an alcoholic strength of 80% vol or higher","Ethanol",5,"none"
1635,"Saudi Arabia","22072019",,"HS2012","22072019","Ethyl alcohol and Other spirits, denatured, of any strength-- - - - Other","Ethyl alcohol and other spirits, denatured, of any strength","Ethanol",5,"none"
1636,"Saudi Arabia","22072090",,"HS2012","22072090","Ethyl alcohol and Other spirits, denatured, of any strength-- - - Other","Ethyl alcohol and other spirits, denatured, of any strength","Ethanol",5,"none"
1641,"Saudi Arabia","38260000",,"HS2012","38260000","Biodiesel and mixtures thereof, not containing or containing less than 70 % by weight of petroleum oils or oils obtained from bituminous minerals","Biodiesel and mixtures thereof","Biodiesel",6,"none"
1714,"South Africa","22071000",,"HS2012","22071000","Undenatured ethyl alcohol of an alcoholic strength by volume of 80 % vol. or higher","Undenatured ethyl alcohol of an alcoholic strength of 80% vol or higher","Ethanol",5,"none"
1715,"South Africa","22072000",,"HS2012","22072000","Ethyl alcohol and Other spirits, denatured, of any strength","Ethyl alcohol and other spirits, denatured, of any strength","Ethanol",5,"none"
1722,"South Africa","38260010",,"HS2012","38260010","Biodiesel and mixtures thereof, not containing or containing less than 70 % by weight of petroleum oils or oils obtained from bituminous minerals-- Biodiesel as defined in Additional Note 1(a) to Chapter 38","(-) Biodiesel as defined in Additional Note 1(a) to Chapter 38","Biodiesel",6,"none"
1723,"South Africa","38260090",,"HS2012","38260090","Biodiesel and mixtures thereof, not containing or containing less than 70 % by weight of petroleum oils or oils obtained from bituminous minerals-- Other","Biodiesel and mixtures thereof","Biodiesel",6,"none"
1799,"Thailand","22071000",,"HS2007","22071000","Undenatured ethyl alcohol of an alcoholic strength by volume of 80 % vol. or higher","Undenatured ethyl alcohol of an alcoholic strength of 80% vol or higher","Ethanol",5,"none"
1800,"Thailand","22072011",,"HS2007","22072011","Ethyl alcohol and Other spirits, denatured, of any strength-- - - Ethyl alcohol of an alcoholic strength by volume of exceeding 99% vol","(-) Ethyl alcohol of an alcoholic strength by volume exceeding 99% vol","Ethanol",5,"none"
1801,"Thailand","22072019",,"HS2007","22072019","Ethyl alcohol and Other spirits, denatured, of any strength-- - - Other","Ethyl alcohol and other spirits, denatured, of any strength","Ethanol",5,"none"
1802,"Thailand","22072090",,"HS2007","22072090","Ethyl alcohol and Other spirits, denatured, of any strength-- - Other","Ethyl alcohol and other spirits, denatured, of any strength","Ethanol",5,"none"
1807,"Thailand","38249090",,"HS2007","38249090","Prepared binders for foundry moulds or cores; chemical products and preparations of the chemical or allied industries (including those consisting of mixtures of natural products), not elsewhere specified or included- Other-- - Other","Prepared binders for foundry moulds or cores (-)","Biodiesel",6,"none"
1931,"Turkey","2207100010","1","HS2007","2207100010","Undenatured ethyl alcohol of an alcoholic strength by volume of 80 % vol. or higher-- - - - Obtained from agricultural products","Undenatured ethyl alcohol of an alcoholic strength of 80% vol or higher, from agricultural products","Ethanol",5,"none"
1932,"Turkey","2207100010","3","HS2007","2207100010","Undenatured ethyl alcohol of an alcoholic strength by volume of 80 % vol. or higher-- - - - Other","Undenatured ethyl alcohol of an alcoholic strength of 80% vol or higher","Ethanol",5,"none"
1933,"Turkey","2207100090",,"HS2007","2207100090","Undenatured ethyl alcohol of an alcoholic strength by volume of 80 % vol. or higher-- - Other","Undenatured ethyl alcohol of an alcoholic strength of 80% vol or higher","Ethanol",5,"none"
1934,"Turkey","2207200010","1","HS2007","2207200010","Ethyl alcohol and Other spirits, denatured, of any strength-- - - Ethyl alcohol (bulk)","(-) Ethyl alcohol of an alcoholic strength by volume exceeding 99% vol","Ethanol",5,"none"
1935,"Turkey","2207200010","2","HS2007","2207200010","Ethyl alcohol and Other spirits, denatured, of any strength-- - - Other","Ethyl alcohol and other spirits, denatured, of any strength","Ethanol",5,"none"
1936,"Turkey","2207200090",,"HS2007","2207200090","Ethyl alcohol and Other spirits, denatured, of any strength-- - Other","Ethyl alcohol and other spirits, denatured, of any strength","Ethanol",5,"none"
1944,"Turkey","3824906400",,"HS2007","3824906400","Prepared binders for foundry moulds or cores; chemical products and preparations of the chemical or allied industries (including those consisting of mixtures of natural products), not elsewhere specified or included- Other-- - - - Other","Prepared binders for foundry moulds or cores","Biodiesel",6,"none"
1945,"Turkey","3824909790",,"HS2007","3824909790","Prepared binders for foundry moulds or cores; chemical products and preparations of the chemical or allied industries (including those consisting of mixtures of natural products), not elsewhere specified or included- Other-- - - - Other","Prepared binders for foundry moulds or cores","Biodiesel",6,"none"
2053,"Ukraine","2207100090",,"HS2007","2207100090","Undenatured ethyl alcohol of an alcoholic strength by volume of 80 % vol. or higher-- - Other","Undenatured ethyl alcohol of an alcoholic strength of 80% vol or higher","Ethanol",5,"none"
2054,"Ukraine","2207200000",,"HS2007","2207200000","Ethyl alcohol and Other spirits, denatured, of any strength","Ethyl alcohol and other spirits, denatured, of any strength","Ethanol",5,"none"
2062,"Ukraine","3824906400",,"HS2007","3824906400","Prepared binders for foundry moulds or cores; chemical products and preparations of the chemical or allied industries (including those consisting of mixtures of natural products), not elsewhere specified or included- Other-- - - - Other","Prepared binders for foundry moulds or cores","Biodiesel",6,"none"
2063,"Ukraine","3824909800",,"HS2007","3824909800","Prepared binders for foundry moulds or cores; chemical products and preparations of the chemical or allied industries (including those consisting of mixtures of natural products), not elsewhere specified or included- Other-- - - - Other","Prepared binders for foundry moulds or cores","Biodiesel",6,"none"
2064,"Ukraine","none",,"none","BF2064","Biodiesel","Biodiesel","Biodiesel",6,"none"
2067,"Ukraine","none",,"none","BF2067","Ethanol","Ethanol","Ethanol",5,"none"
2116,"United States of America","22071060",,"HS2012","22071060","Undenatured ethyl alcohol of an alcoholic strength by volume of 80 % vol. or higher, for non-beverage purposes","Undenatured ethyl alcohol of an alcoholic strength of 80% vol or higher, for non-beverage purposes","Ethanol",5,"none"
2117,"United States of America","22072000",,"HS2012","22072000","Ethyl alcohol and Other spirits, denatured, of any strength","Ethyl alcohol and other spirits, denatured, of any strength","Ethanol",5,"none"
2122,"United States of America","38260010","1","HS2012","38260010","Biodiesel and mixtures thereof, not containing or containing less than 70 % by weight of petroleum oils or oils obtained from bituminous minerals-Biodiesel not containing petroleum or bituminous oil [Excluding tariff preferences under the Agreement on Pha","Biodiesel and mixtures thereof. [Excluding tariff preferences under the Agreement on Pharmaceutical Products]","Biodiesel",6,"none"
2123,"United States of America","38260030","1","HS2012","38260030","Biodiesel and mixtures thereof, not containing or containing less than 70 % by weight of petroleum oils or oils obtained from bituminous minerals-Biodiesel containing <70% petroleum or bituminous oil [Excluding tariff preferences under the Agreement on Ph","Biodiesel and mixtures thereof. [Excluding tariff preferences under the Agreement on Pharmaceutical Products]","Biodiesel",6,"none"
2236,"Viet Nam","22071000",,"HS2012","22071000","Undenatured ethyl alcohol of an alcoholic strength by volume of 80 % vol. or higher","Undenatured ethyl alcohol of an alcoholic strength of 80% vol or higher","Ethanol",5,"none"
2237,"Viet Nam","22072011",,"HS2012","22072011","Ethyl alcohol and Other spirits, denatured, of any strength-- - - Ethyl alcohol of an alcoholic strength by volume exceeding 99% vol","(-) Ethyl alcohol of an alcoholic strength by volume exceeding 99% vol","Ethanol",5,"none"
2238,"Viet Nam","22072019",,"HS2012","22072019","Ethyl alcohol and Other spirits, denatured, of any strength-- - - Other","Ethyl alcohol and other spirits, denatured, of any strength","Ethanol",5,"none"
2239,"Viet Nam","22072090",,"HS2012","22072090","Ethyl alcohol and Other spirits, denatured, of any strength-- - Other","Ethyl alcohol and other spirits, denatured, of any strength","Ethanol",5,"none"
2245,"Viet Nam","38260010",,"HS2012","38260010","Biodiesel and mixtures thereof, not containing or containing less than 70 % by weight of petroleum oils or oils obtained from bituminous minerals-- Coconut methyl ester (CME)","(-) Coconut methyl ester (CME)","Biodiesel",6,"none"
2246,"Viet Nam","38260090",,"HS2012","38260090","Biodiesel and mixtures thereof, not containing or containing less than 70 % by weight of petroleum oils or oils obtained from bituminous minerals-- Other","Biodiesel and mixtures thereof","Biodiesel",6,"none"
